Workbook

Sheet Raw Data
A1: Sampling_Cycle | B1: Site_Name | C1: Location | D1: Site_Code | E1: Region | F1: Zone | G1: Latitude | H1: Longitude | I1: Depth | J1: Month | K1: Day | L1: Year | M1: Date | N1: Captain | O1: Crew_1 | P1: Crew_2 | Q1: Crew_3 | R1: Time_In | S1: Time_Out | T1: Surface_Temp_C | U1: Surface_Temp_Depth_m | V1: Surface_Sal_psu | W1: Surface_Sal_Depth_m | X1: LAB_SAL_Surf | Y1: Surface_DO_mg_L | Z1: Surface_DO_Depth_m | AA1: Surface_pH | AB1: Surface_pH_Depth_m | AC1: Bottom_Temp_C | AD1: Bottom_Temp_Depth_m | AE1: Bottom_Sal_psu | AF1: Bottom_Sal_Depth_m | AG1: LAB_SAL_Bttm | AH1: Bottom_DO_mg_L | AI1: Bottom_DO_Depth_m | AJ1: Bottom_pH | AK1: Bottom_pH_Depth_m | AL1: Secchi_Depth_1_m | AM1: Secchi_Depth_2_m | AN1: Secchi_Depth_3_m | AO1: Secchi_Avg_Depth | AP1: Surface_Van_Dorn_Depth_m | AQ1: Bottom_Van_Dorn_Depth_m | AR1: Surface_TA_DIC | AS1: Bottom_TA_DIC | AT1: Surface_BOD | AU1: Bottom_BOD | AV1: Chl_a | AW1: Turbidity_NTU | AX1: Settleable_Solids | AY1: Total_Suspended_Solids | AZ1: POx_NOx | BA1: TKN | BB1: Enterococcus | BC1: Note
A2: 2 | B2: =LOOKUP($D2,Site_Meta!$C$2:$C$43,Site_Meta!A$2:A$43) -> Cayo Aurora 5m | C2: =LOOKUP($D2,Site_Meta!$C$2:$C$43,Site_Meta!B$2:B$43) -> Guanica | D2: AURO05 | E2: =LOOKUP($D2,Site_Meta!$C$2:$C$43,Site_Meta!D$2:D$43) -> Southwest | F2: =LOOKUP($D2,Site_Meta!$C$2:$C$43,Site_Meta!E$2:E$43) -> SW | G2: =LOOKUP($D2,Site_Meta!$C$2:$C$43,Site_Meta!F$2:F$43) -> 17.9369 | H2: =LOOKUP($D2,Site_Meta!$C$2:$C$43,Site_Meta!G$2:G$43) -> -66.8738 | I2: =LOOKUP($D2,Site_Meta!$C$2:$C$43,Site_Meta!H$2:H$43) -> 5 | J2: 10 | K2: 4 | L2: 2023 | M2: =CONCATENATE(J2,"/",K2,"/",L2) -> 10/4/2023 | N2: Anibal | O2: Leira | P2: Manuel | R2: 0.41666667 | S2: 0.42986111 | T2: 30.87 | U2: 0.54 | V2: 36.66 | W2: 0.52 | X2: NA | Y2: 4.73 | Z2: 0.53 | AA2: 7.84 | AB2: 0.53 | AC2: 31.15 | AD2: 3.03 | AE2: 36.49 | AF2: 3.03 | AG2: 34.4 | AH2: 4.87 | AI2: 3.03 | AJ2: 7.99 | AK2: 3.03 | AL2: >3 | AM2: >3 | AN2: >3 | AO2: =AVERAGE(AL2:AN2) -> #DIV/0! | AP2: 0.5 | AQ2: 3 | AR2: 290 | AS2: 291 | AT2: 292 | AU2: 293 | AV2: 294 | AW2: 295 | AX2: 296 | AY2: 297 | AZ2: 298 | BA2: 299 | BB2: 256 | BC2: HydroLab
A3: 2 | B3: =LOOKUP($D3,Site_Meta!$C$2:$C$43,Site_Meta!A$2:A$43) -> Puerto Botes 15m | C3: =LOOKUP($D3,Site_Meta!$C$2:$C$43,Site_Meta!B$2:B$43) -> Isla Desecheo | D3: BOTE15 | E3: =LOOKUP($D3,Site_Meta!$C$2:$C$43,Site_Meta!D$2:D$43) -> Mona/Desecheo | F3: =LOOKUP($D3,Site_Meta!$C$2:$C$43,Site_Meta!E$2:E$43) -> W | G3: =LOOKUP($D3,Site_Meta!$C$2:$C$43,Site_Meta!F$2:F$43) -> 18.382 | H3: =LOOKUP($D3,Site_Meta!$C$2:$C$43,Site_Meta!G$2:G$43) -> -67.4883 | I3: =LOOKUP($D3,Site_Meta!$C$2:$C$43,Site_Meta!H$2:H$43) -> 15 | J3: 10 | K3: 23 | L3: 2023 | M3: =CONCATENATE(J3,"/",K3,"/",L3) -> 10/23/2023 | N3: Anibal | O3: Adiana | P3: Leira | R3: 0.42916667 | S3: 0.45 | T3: 30.21 | U3: 0.52 | V3: 35.94 | W3: 0.52 | X3: 34.8 | Y3: 6.38 | Z3: 0.52 | AA3: 8.17 | AB3: 0.52 | AC3: 30.12 | AD3: 16.46 | AE3: 36.04 | AF3: 16.46 | AG3: 35.1 | AH3: 6.2 | AI3: 16.46 | AJ3: 8.21 | AK3: 16.46 | AL3: >15 | AM3: >15 | AN3: >15 | AO3: =AVERAGE(AL3:AN3) -> #DIV/0! | AP3: 0.5 | AQ3: 15 | AR3: 532 | AS3: 533 | AT3: 534 | AU3: 535 | AV3: 536 | AW3: 537 | AX3: 538 | AY3: 539 | AZ3: 540 | BA3: 541 | BB3: 433 | BC3: Eureka_Log_Oct_5,20,23-25_2023.xlsx; Correct depth offset ~0.35 m
A4: 2 | B4: =LOOKUP($D4,Site_Meta!$C$2:$C$43,Site_Meta!A$2:A$43) -> Puerto Botes 20m | C4: =LOOKUP($D4,Site_Meta!$C$2:$C$43,Site_Meta!B$2:B$43) -> Isla Desecheo | D4: BOTE20 | E4: =LOOKUP($D4,Site_Meta!$C$2:$C$43,Site_Meta!D$2:D$43) -> Mona/Desecheo | F4: =LOOKUP($D4,Site_Meta!$C$2:$C$43,Site_Meta!E$2:E$43) -> W | G4: =LOOKUP($D4,Site_Meta!$C$2:$C$43,Site_Meta!F$2:F$43) -> 18.38158 | H4: =LOOKUP($D4,Site_Meta!$C$2:$C$43,Site_Meta!G$2:G$43) -> -67.4886 | I4: =LOOKUP($D4,Site_Meta!$C$2:$C$43,Site_Meta!H$2:H$43) -> 20 | J4: 10 | K4: 23 | L4: 2023 | M4: =CONCATENATE(J4,"/",K4,"/",L4) -> 10/23/2023 | N4: Anibal | O4: Adiana | P4: Leira | R4: 0.39930556 | S4: 0.42638889 | T4: 30.2 | U4: 0.65 | V4: 35.81 | W4: 0.65 | X4: 34.8 | Y4: 6.2 | Z4: 0.65 | AA4: 8.18 | AB4: 0.65 | AC4: 30.9 | AD4: 18.89 | AE4: 36.08 | AF4: 18.89 | AG4: 35.1 | AH4: 6.19 | AI4: 18.89 | AJ4: 8.22 | AK4: 18.89 | AL4: >18 | AM4: >18 | AN4: >18 | AO4: =AVERAGE(AL4:AN4) -> #DIV/0! | AP4: 0.5 | AQ4: 18.5 | AR4: 466 | AS4: 467 | AT4: 468 | AU4: 469 | AV4: 470 | AW4: 471 | AX4: 472 | AY4: 473 | AZ4: 474 | BA4: 475 | BB4: 374 | BC4: Eureka_Log_Oct_5,20,23-25_2023.xlsx; Correct depth offset ~0.35 m
A5: 2 | B5: =LOOKUP($D5,Site_Meta!$C$2:$C$43,Site_Meta!A$2:A$43) -> Boya Vieja 20m | C5: =LOOKUP($D5,Site_Meta!$C$2:$C$43,Site_Meta!B$2:B$43) -> La Parguera | D5: BOYA20 | E5: =LOOKUP($D5,Site_Meta!$C$2:$C$43,Site_Meta!D$2:D$43) -> Southwest | F5: =LOOKUP($D5,Site_Meta!$C$2:$C$43,Site_Meta!E$2:E$43) -> SW | G5: =LOOKUP($D5,Site_Meta!$C$2:$C$43,Site_Meta!F$2:F$43) -> 17.88827 | H5: =LOOKUP($D5,Site_Meta!$C$2:$C$43,Site_Meta!G$2:G$43) -> -66.9978 | I5: =LOOKUP($D5,Site_Meta!$C$2:$C$43,Site_Meta!H$2:H$43) -> 20 | J5: 9 | K5: 19 | L5: 2023 | M5: =CONCATENATE(J5,"/",K5,"/",L5) -> 9/19/2023 | N5: Anibal | O5: Adiana | P5: Leira | Q5: Manuel | R5: 0.375 | S5: 0.39583333 | T5: 30.4 | U5: 0.63 | V5: 34.49 | W5: 0.59 | X5: 33.4 | Y5: 6.22 | Z5: 0.61 | AA5: 7.93 | AB5: 0.65 | AC5: 29.71 | AD5: 19.3 | AE5: 34.8 | AF5: 19.19 | AG5: 34.6 | AH5: 6.18 | AI5: 19.1 | AJ5: 8.08 | AK5: 19.08 | AL5: 12 | AM5: 12 | AN5: 12 | AO5: =AVERAGE(AL5:AN5) -> 12 | AP5: 0.5 | AQ5: 19 | AR5: 179 | AS5: 178 | AT5: 110 | AU5: 109 | AV5: 53 | AW5: 55 | AX5: 56 | AY5: 53 | AZ5: 70 | BA5: 76 | BB5: 47 | BC5: HydroLab
A6: 2 | B6: =LOOKUP($D6,Site_Meta!$C$2:$C$43,Site_Meta!A$2:A$43) -> Cabezas de San Juan 5m | C6: =LOOKUP($D6,Site_Meta!$C$2:$C$43,Site_Meta!B$2:B$43) -> Fajardo | D6: CABE05 | E6: =LOOKUP($D6,Site_Meta!$C$2:$C$43,Site_Meta!D$2:D$43) -> North/Northeast | F6: =LOOKUP($D6,Site_Meta!$C$2:$C$43,Site_Meta!E$2:E$43) -> E | G6: =LOOKUP($D6,Site_Meta!$C$2:$C$43,Site_Meta!F$2:F$43) -> 18.38544 | H6: =LOOKUP($D6,Site_Meta!$C$2:$C$43,Site_Meta!G$2:G$43) -> -65.6297 | I6: =LOOKUP($D6,Site_Meta!$C$2:$C$43,Site_Meta!H$2:H$43) -> 5 | J6: 10 | K6: 15 | L6: 2023 | M6: =CONCATENATE(J6,"/",K6,"/",L6) -> 10/15/2023 | N6: Tyrone | O6: Adiana | P6: Manuel | R6: 0.28541667 | S6: 0.30208333 | T6: 29.88 | U6: 0.47 | V6: 36.32 | W6: 0.51 | X6: 35.4 | Y6: 5.76 | Z6: 0.52 | AA6: 7.09 | AB6: 0.52 | AC6: 30.05 | AD6: 7.43 | AE6: 35.96 | AF6: 7.44 | AG6: 35 | AH6: 5.74 | AI6: 7.44 | AJ6: 7.14 | AK6: 7.4 | AL6: >7.5 | AM6: >7.5 | AN6: >7.5 | AO6: =AVERAGE(AL6:AN6) -> #DIV/0! | AP6: 0.5 | AQ6: 7.5 | AR6: 400 | AS6: 401 | AT6: 402 | AU6: 403 | AV6: 404 | AW6: 405 | AX6: 406 | AY6: 407 | AZ6: 408 | BA6: 409 | BB6: 531 | BC6: HydroLab
A7: 2 | B7: =LOOKUP($D7,Site_Meta!$C$2:$C$43,Site_Meta!A$2:A$43) -> Cabezas de San Juan 5m | C7: =LOOKUP($D7,Site_Meta!$C$2:$C$43,Site_Meta!B$2:B$43) -> Fajardo | D7: CABE05 | E7: =LOOKUP($D7,Site_Meta!$C$2:$C$43,Site_Meta!D$2:D$43) -> North/Northeast | F7: =LOOKUP($D7,Site_Meta!$C$2:$C$43,Site_Meta!E$2:E$43) -> E | G7: =LOOKUP($D7,Site_Meta!$C$2:$C$43,Site_Meta!F$2:F$43) -> 18.38544 | H7: =LOOKUP($D7,Site_Meta!$C$2:$C$43,Site_Meta!G$2:G$43) -> -65.6297 | I7: =LOOKUP($D7,Site_Meta!$C$2:$C$43,Site_Meta!H$2:H$43) -> 5 | J7: 10 | K7: 15 | L7: 2023 | M7: =CONCATENATE(J7,"/",K7,"/",L7) -> 10/15/2023 | N7: Tyrone | O7: Adiana | P7: Manuel | R7: 0.28125 | S7: 0.28472222 | T7: 30.64 | U7: 0.68 | V7: 36.59 | W7: 0.7 | X7: 35.4 | Y7: 4.61 | Z7: 0.7 | AA7: 7.65 | AB7: 0.7 | AC7: 31.78 | AD7: 6.5 | AE7: 36.06 | AF7: 6.7 | AG7: NA | AH7: 4.51 | AI7: 6.9 | AJ7: 7.72 | AK7: 7 | AL7: NA | AM7: NA | AN7: NA | AO7: =AVERAGE(AL7:AN7) -> #DIV/0! | AP7: NA | AQ7: NA | AR7: NA | AS7: NA | AT7: NA | AU7: NA | AV7: NA | AW7: NA | AX7: NA | AY7: NA | AZ7: NA | BA7: NA | BB7: NA | BC7: YSI
A8: 2 | B8: =LOOKUP($D8,Site_Meta!$C$2:$C$43,Site_Meta!A$2:A$43) -> Canjilones 15m | C8: =LOOKUP($D8,Site_Meta!$C$2:$C$43,Site_Meta!B$2:B$43) -> Isla Vieques | D8: CANJ15 | E8: =LOOKUP($D8,Site_Meta!$C$2:$C$43,Site_Meta!D$2:D$43) -> Vieques/Culebra | F8: =LOOKUP($D8,Site_Meta!$C$2:$C$43,Site_Meta!E$2:E$43) -> E | G8: =LOOKUP($D8,Site_Meta!$C$2:$C$43,Site_Meta!F$2:F$43) -> 18.08964 | H8: =LOOKUP($D8,Site_Meta!$C$2:$C$43,Site_Meta!G$2:G$43) -> -65.5901 | I8: =LOOKUP($D8,Site_Meta!$C$2:$C$43,Site_Meta!H$2:H$43) -> 15 | J8: 10 | K8: 14 | L8: 2023 | M8: =CONCATENATE(J8,"/",K8,"/",L8) -> 10/14/2023 | N8: Tyrone | O8: Irais | P8: Manuel | R8: 0.425 | S8: 0.44236111 | T8: 30.13 | U8: 0.51 | V8: 34.83 | W8: 0.51 | X8: 34.1 | Y8: 6.35 | Z8: 0.5 | AA8: 7.05 | AB8: 0.51 | AC8: 30.02 | AD8: 14.97 | AE8: 35.61 | AF8: 15 | AG8: 34 | AH8: 5.48 | AI8: 15 | AJ8: 6.9 | AK8: 15.01 | AL8: >15 | AM8: >15 | AN8: >15 | AO8: =AVERAGE(AL8:AN8) -> #DIV/0! | AP8: 0.5 | AQ8: 15 | AR8: 444 | AS8: 445 | AT8: 446 | AU8: 447 | AV8: 448 | AW8: 449 | AX8: 450 | AY8: 451 | AZ8: 452 | BA8: 453 | BB8: 520 | BC8: HydroLab
A9: 2 | B9: =LOOKUP($D9,Site_Meta!$C$2:$C$43,Site_Meta!A$2:A$43) -> Puerto Canoas 30m | C9: =LOOKUP($D9,Site_Meta!$C$2:$C$43,Site_Meta!B$2:B$43) -> Isla Desecheo | D9: CANO30 | E9: =LOOKUP($D9,Site_Meta!$C$2:$C$43,Site_Meta!D$2:D$43) -> Mona/Desecheo | F9: =LOOKUP($D9,Site_Meta!$C$2:$C$43,Site_Meta!E$2:E$43) -> W | G9: =LOOKUP($D9,Site_Meta!$C$2:$C$43,Site_Meta!F$2:F$43) -> 18.37747 | H9: =LOOKUP($D9,Site_Meta!$C$2:$C$43,Site_Meta!G$2:G$43) -> -67.484 | I9: =LOOKUP($D9,Site_Meta!$C$2:$C$43,Site_Meta!H$2:H$43) -> 30 | J9: 10 | K9: 23 | L9: 2023 | M9: =CONCATENATE(J9,"/",K9,"/",L9) -> 10/23/2023 | N9: Anibal | O9: Adiana | P9: Leira | R9: 0.45763889 | S9: 0.48333333 | T9: 30.25 | U9: 0.51 | V9: 36.05 | W9: 0.53 | X9: 35 | Y9: 6.33 | Z9: 0.56 | AA9: 8.2 | AB9: 0.52 | AC9: 30.19 | AD9: 26.61 | AE9: 36.05 | AF9: 26.65 | AG9: 35.3 | AH9: 6.22 | AI9: 26.52 | AJ9: 8.22 | AK9: 26.67 | AL9: >26.5 | AM9: >26.5 | AN9: >26.5 | AO9: =AVERAGE(AL9:AN9) -> #DIV/0! | AP9: 0.5 | AQ9: 26.5 | AR9: 521 | AS9: 522 | AT9: 523 | AU9: 524 | AV9: 525 | AW9: 526 | AX9: 527 | AY9: 528 | AZ9: 529 | BA9: 530 | BB9: 542 | BC9: Eureka; Correct depth offset ~0.35 m
A10: 2 | B10: =LOOKUP($D10,Site_Meta!$C$2:$C$43,Site_Meta!A$2:A$43) -> Puerto Canoas 30m | C10: =LOOKUP($D10,Site_Meta!$C$2:$C$43,Site_Meta!B$2:B$43) -> Isla Desecheo | D10: CANO30-R | E10: =LOOKUP($D10,Site_Meta!$C$2:$C$43,Site_Meta!D$2:D$43) -> Mona/Desecheo | F10: =LOOKUP($D10,Site_Meta!$C$2:$C$43,Site_Meta!E$2:E$43) -> W | G10: =LOOKUP($D10,Site_Meta!$C$2:$C$43,Site_Meta!F$2:F$43) -> 18.37747 | H10: =LOOKUP($D10,Site_Meta!$C$2:$C$43,Site_Meta!G$2:G$43) -> -67.484 | I10: =LOOKUP($D10,Site_Meta!$C$2:$C$43,Site_Meta!H$2:H$43) -> 30 | J10: 10 | K10: 23 | L10: 2023 | M10: =CONCATENATE(J10,"/",K10,"/",L10) -> 10/23/2023 | N10: Anibal | O10: Adiana | P10: Leira | R10: 0.48611111 | S10: 0.50625 | T10: 30.27 | U10: 0.57 | V10: 35.85 | W10: 0.57 | X10: 34.8 | Y10: 6.27 | Z10: 0.57 | AA10: 8.22 | AB10: 0.57 | AC10: 30.19 | AD10: 29.12 | AE10: 34.37 | AF10: 29.12 | AG10: 34.6 | AH10: 6.3 | AI10: 29.12 | AJ10: 8.22 | AK10: 29.12 | AL10: >29 | AM10: >29 | AN10: >29 | AO10: =AVERAGE(AL10:AN10) -> #DIV/0! | AP10: 0.5 | AQ10: 29 | AR10: 510 | AS10: 511 | AT10: 512 | AU10: 513 | AV10: 514 | AW10: 515 | AX10: 516 | AY10: 517 | AZ10: 518 | BA10: 519 | BB10: 399 | BC10: Eureka_Log_Oct_5,20,23-25_2023.xlsx; Correct depth offset ~0.35 m
A11: 2 | B11: =LOOKUP($D11,Site_Meta!$C$2:$C$43,Site_Meta!A$2:A$43) -> Cayo Caribes 10m | C11: =LOOKUP($D11,Site_Meta!$C$2:$C$43,Site_Meta!B$2:B$43) -> Salinas | D11: CARI10 | E11: =LOOKUP($D11,Site_Meta!$C$2:$C$43,Site_Meta!D$2:D$43) -> Southeast | F11: =LOOKUP($D11,Site_Meta!$C$2:$C$43,Site_Meta!E$2:E$43) -> S | G11: =LOOKUP($D11,Site_Meta!$C$2:$C$43,Site_Meta!F$2:F$43) -> 17.91533 | H11: =LOOKUP($D11,Site_Meta!$C$2:$C$43,Site_Meta!G$2:G$43) -> -66.2141 | I11: =LOOKUP($D11,Site_Meta!$C$2:$C$43,Site_Meta!H$2:H$43) -> 10 | J11: 9 | K11: 21 | L11: 2023 | M11: =CONCATENATE(J11,"/",K11,"/",L11) -> 9/21/2023 | N11: Anibal | O11: Adiana | P11: Juanita | Q11: Manuel | R11: 0.36805556 | S11: 0.39583333 | T11: 30.62 | U11: 0.54 | V11: 35.85 | W11: 0.55 | X11: 34.8 | Y11: 6.1 | Z11: 0.56 | AA11: 7.94 | AB11: 0.56 | AC11: 30.84 | AD11: 9.51 | AE11: 35.55 | AF11: 9.5 | AG11: 35.2 | AH11: 6.05 | AI11: 9.62 | AJ11: 8.08 | AK11: 9.62 | AL11: >10 | AM11: >10 | AN11: >10 | AO11: =AVERAGE(AL11:AN11) -> #DIV/0! | AP11: 0.5 | AQ11: 9.5 | AR11: 184 | AS11: 185 | AT11: 115 | AU11: 116 | AV11: 56 | AW11: 58 | AX11: 59 | AY11: 56 | AZ11: 73 | BA11: 79 | BB11: 65 | BC11: HydroLab
A12: 2 | B12: =LOOKUP($D12,Site_Meta!$C$2:$C$43,Site_Meta!A$2:A$43) -> West Reef 10m | C12: =LOOKUP($D12,Site_Meta!$C$2:$C$43,Site_Meta!B$2:B$43) -> Ponce | D12: CDMU10 | E12: =LOOKUP($D12,Site_Meta!$C$2:$C$43,Site_Meta!D$2:D$43) -> South | F12: =LOOKUP($D12,Site_Meta!$C$2:$C$43,Site_Meta!E$2:E$43) -> S | G12: =LOOKUP($D12,Site_Meta!$C$2:$C$43,Site_Meta!F$2:F$43) -> 17.89502 | H12: =LOOKUP($D12,Site_Meta!$C$2:$C$43,Site_Meta!G$2:G$43) -> -66.5284 | I12: =LOOKUP($D12,Site_Meta!$C$2:$C$43,Site_Meta!H$2:H$43) -> 10 | J12: 9 | K12: 21 | L12: 2023 | M12: =CONCATENATE(J12,"/",K12,"/",L12) -> 9/21/2023 | N12: Anibal | O12: Adiana | P12: Juanita | Q12: Manuel | R12: 0.44722222 | S12: 0.46111111 | T12: 30.86 | U12: 0.59 | V12: 34.73 | W12: 0.59 | X12: 33.9 | Y12: 6.52 | Z12: 0.62 | AA12: 8.03 | AB12: 0.68 | AC12: 30.62 | AD12: 8.03 | AE12: 34.72 | AF12: 7.9 | AG12: 34.3 | AH12: 6.64 | AI12: 7.77 | AJ12: 8.09 | AK12: 7.57 | AL12: >8 | AM12: >8 | AN12: >8 | AO12: =AVERAGE(AL12:AN12) -> #DIV/0! | AP12: 0.5 | AQ12: 7.5 | AR12: 200 | AS12: 201 | AT12: 131 | AU12: 132 | AV12: 64 | AW12: 66 | AX12: 67 | AY12: 64 | AZ12: 81 | BA12: 87 | BB12: 56 | BC12: HydroLab
A13: 2 | B13: =LOOKUP($D13,Site_Meta!$C$2:$C$43,Site_Meta!A$2:A$43) -> Cibuco 05m | C13: =LOOKUP($D13,Site_Meta!$C$2:$C$43,Site_Meta!B$2:B$43) -> Vega Baja | D13: CIBU05 | E13: =LOOKUP($D13,Site_Meta!$C$2:$C$43,Site_Meta!D$2:D$43) -> North/Northeast | F13: =LOOKUP($D13,Site_Meta!$C$2:$C$43,Site_Meta!E$2:E$43) -> N | G13: =LOOKUP($D13,Site_Meta!$C$2:$C$43,Site_Meta!F$2:F$43) -> 18.48955 | H13: =LOOKUP($D13,Site_Meta!$C$2:$C$43,Site_Meta!G$2:G$43) -> -66.3736 | I13: =LOOKUP($D13,Site_Meta!$C$2:$C$43,Site_Meta!H$2:H$43) -> 10 | J13: 10 | K13: 6 | L13: 2023 | M13: =CONCATENATE(J13,"/",K13,"/",L13) -> 10/6/2023 | N13: Rodolfo | O13: Leira | P13: Manuel | R13: 0.27847222 | S13: 0.29236111 | T13: 29.65 | U13: 0.42 | V13: 34.71 | W13: 0.42 | X13: 34.8 | Y13: 5.79 | Z13: 0.45 | AA13: 7.69 | AB13: 0.49 | AC13: 29.85 | AD13: 1.92 | AE13: 34.45 | AF13: 1.97 | AG13: 34.9 | AH13: 5.73 | AI13: 2.01 | AJ13: 7.95 | AK13: 2.03 | AL13: >2.5 | AM13: >2.5 | AN13: >2.5 | AO13: =AVERAGE(AL13:AN13) -> #DIV/0! | AP13: 0.5 | AQ13: 2 | AR13: 323 | AS13: 324 | AT13: 325 | AU13: 326 | AV13: 327 | AW13: 328 | AX13: 329 | AY13: 330 | AZ13: 331 | BA13: 332 | BB13: 311 | BC13: Check salinity & pH
A14: 2 | B14: =LOOKUP($D14,Site_Meta!$C$2:$C$43,Site_Meta!A$2:A$43) -> Cibuco 05m | C14: =LOOKUP($D14,Site_Meta!$C$2:$C$43,Site_Meta!B$2:B$43) -> Vega Baja | D14: CIBU05-R | E14: =LOOKUP($D14,Site_Meta!$C$2:$C$43,Site_Meta!D$2:D$43) -> North/Northeast | F14: =LOOKUP($D14,Site_Meta!$C$2:$C$43,Site_Meta!E$2:E$43) -> N | G14: =LOOKUP($D14,Site_Meta!$C$2:$C$43,Site_Meta!F$2:F$43) -> 18.48955 | H14: =LOOKUP($D14,Site_Meta!$C$2:$C$43,Site_Meta!G$2:G$43) -> -66.3736 | I14: =LOOKUP($D14,Site_Meta!$C$2:$C$43,Site_Meta!H$2:H$43) -> 10 | J14: 10 | K14: 6 | L14: 2023 | M14: =CONCATENATE(J14,"/",K14,"/",L14) -> 10/6/2023 | N14: Rodolfo | O14: Leira | P14: Manuel | R14: 0.29722222 | S14: 0.30555556 | T14: 29.85 | U14: 0.49 | V14: 31.76 | W14: 0.52 | X14: 34.7 | Y14: 5.88 | Z14: 0.51 | AA14: 7.74 | AB14: 0.52 | AC14: 29.9 | AD14: 2.45 | AE14: 8.64 | AF14: 2.5 | AG14: 34.6 | AH14: 6.72 | AI14: 2.5 | AJ14: 8.01 | AK14: 2.48 | AL14: >2.5 | AM14: >2.5 | AN14: >2.5 | AO14: =AVERAGE(AL14:AN14) -> #DIV/0! | AP14: 0.5 | AQ14: 2.5 | AR14: 334 | AS14: 335 | AT14: 336 | AU14: 337 | AV14: 338 | AW14: 339 | AX14: 340 | AY14: 341 | AZ14: 342 | BA14: 343 | BB14: 322 | BC14: Check salinity & pH
A15: 2 | B15: =LOOKUP($D15,Site_Meta!$C$2:$C$43,Site_Meta!A$2:A$43) -> Cayo Coral 10m | C15: =LOOKUP($D15,Site_Meta!$C$2:$C$43,Site_Meta!B$2:B$43) -> Guanica | D15: CORA10 | E15: =LOOKUP($D15,Site_Meta!$C$2:$C$43,Site_Meta!D$2:D$43) -> Southwest | F15: =LOOKUP($D15,Site_Meta!$C$2:$C$43,Site_Meta!E$2:E$43) -> SW | G15: =LOOKUP($D15,Site_Meta!$C$2:$C$43,Site_Meta!F$2:F$43) -> 17.9362 | H15: =LOOKUP($D15,Site_Meta!$C$2:$C$43,Site_Meta!G$2:G$43) -> -66.8884 | I15: =LOOKUP($D15,Site_Meta!$C$2:$C$43,Site_Meta!H$2:H$43) -> 10 | J15: 10 | K15: 4 | L15: 2023 | M15: =CONCATENATE(J15,"/",K15,"/",L15) -> 10/4/2023 | N15: Anibal | O15: Leira | P15: Manuel | R15: 0.43472222 | S15: 0.44930556 | T15: 31.21 | U15: 0.49 | V15: 36.03 | W15: 0.49 | X15: 34.1 | Y15: 5.77 | Z15: 0.49 | AA15: 7.94 | AB15: 0.49 | AC15: 30.99 | AD15: 8.9 | AE15: 36.45 | AF15: 8.96 | AG15: 34.3 | AH15: 3.87 | AI15: 8.99 | AJ15: 7.95 | AK15: 9 | AL15: >9 | AM15: >9 | AN15: >9 | AO15: =AVERAGE(AL15:AN15) -> #DIV/0! | AP15: 0.5 | AQ15: 9 | AR15: 279 | AS15: 280 | AT15: 281 | AU15: 282 | AV15: 283 | AW15: 284 | AX15: 285 | AY15: 286 | AZ15: 287 | BA15: 288 | BB15: 267 | BC15: HydroLab
A16: 2 | B16: =LOOKUP($D16,Site_Meta!$C$2:$C$43,Site_Meta!A$2:A$43) -> Carlos Rosario 10m | C16: =LOOKUP($D16,Site_Meta!$C$2:$C$43,Site_Meta!B$2:B$43) -> Isla Culebra | D16: CROS10 | E16: =LOOKUP($D16,Site_Meta!$C$2:$C$43,Site_Meta!D$2:D$43) -> Vieques/Culebra | F16: =LOOKUP($D16,Site_Meta!$C$2:$C$43,Site_Meta!E$2:E$43) -> E | G16: =LOOKUP($D16,Site_Meta!$C$2:$C$43,Site_Meta!F$2:F$43) -> 18.32779 | H16: =LOOKUP($D16,Site_Meta!$C$2:$C$43,Site_Meta!G$2:G$43) -> -65.332 | I16: =LOOKUP($D16,Site_Meta!$C$2:$C$43,Site_Meta!H$2:H$43) -> 10 | J16: 10 | K16: 13 | L16: 2023 | M16: =CONCATENATE(J16,"/",K16,"/",L16) -> 10/13/2023 | N16: Tyrone | O16: Adiana | P16: Manuel | R16: 0.39166667 | S16: 0.40833333 | T16: 29.89 | U16: 0.44 | V16: 36.07 | W16: 0.49 | X16: 34.3 | Y16: 6.11 | Z16: 0.5 | AA16: 7.92 | AB16: 0.5 | AC16: 29.9 | AD16: 10.01 | AE16: 35.89 | AF16: 9.95 | AG16: 34.4 | AH16: 6.06 | AI16: 9.97 | AJ16: 8.1 | AK16: 9.98 | AL16: >10 | AM16: >10 | AN16: >10 | AO16: =AVERAGE(AL16:AN16) -> #DIV/0! | AP16: 0.5 | AQ16: 10 | AR16: 356 | AS16: 357 | AT16: 358 | AU16: 359 | AV16: 360 | AW16: 361 | AX16: 362 | AY16: 363 | AZ16: 364 | BA16: 365 | BB16: 487 | BC16: HydroLab
A17: 2 | B17: =LOOKUP($D17,Site_Meta!$C$2:$C$43,Site_Meta!A$2:A$43) -> Dakiti 20m | C17: =LOOKUP($D17,Site_Meta!$C$2:$C$43,Site_Meta!B$2:B$43) -> Isla Culebra | D17: DAKI20 | E17: =LOOKUP($D17,Site_Meta!$C$2:$C$43,Site_Meta!D$2:D$43) -> Vieques/Culebra | F17: =LOOKUP($D17,Site_Meta!$C$2:$C$43,Site_Meta!E$2:E$43) -> E | G17: =LOOKUP($D17,Site_Meta!$C$2:$C$43,Site_Meta!F$2:F$43) -> 18.27587 | H17: =LOOKUP($D17,Site_Meta!$C$2:$C$43,Site_Meta!G$2:G$43) -> -65.2773 | I17: =LOOKUP($D17,Site_Meta!$C$2:$C$43,Site_Meta!H$2:H$43) -> 20 | J17: 10 | K17: 13 | L17: 2023 | M17: =CONCATENATE(J17,"/",K17,"/",L17) -> 10/13/2023 | N17: Tyrone | O17: Adiana | P17: Manuel | R17: 0.3 | S17: 0.32083333 | T17: 29.56 | U17: 0.52 | V17: 36.04 | W17: 0.55 | X17: 34 | Y17: 6.26 | Z17: 0.55 | AA17: 7.78 | AB17: 0.52 | AC17: 29.92 | AD17: 20.07 | AE17: 36.23 | AF17: 20.07 | AG17: 34.3 | AH17: 5.52 | AI17: 20.06 | AJ17: 8.05 | AK17: 20.06 | AL17: >20 | AM17: >20 | AN17: >20 | AO17: =AVERAGE(AL17:AN17) -> #DIV/0! | AP17: 0.5 | AQ17: 20 | AR17: 389 | AS17: 390 | AT17: 391 | AU17: 392 | AV17: 393 | AW17: 394 | AX17: 395 | AY17: 396 | AZ17: 397 | BA17: 398 | BB17: 454 | BC17: HydroLab
A18: 2 | B18: =LOOKUP($D18,Site_Meta!$C$2:$C$43,Site_Meta!A$2:A$43) -> Dakiti 20m | C18: =LOOKUP($D18,Site_Meta!$C$2:$C$43,Site_Meta!B$2:B$43) -> Isla Culebra | D18: DAKI20-R | E18: =LOOKUP($D18,Site_Meta!$C$2:$C$43,Site_Meta!D$2:D$43) -> Vieques/Culebra | F18: =LOOKUP($D18,Site_Meta!$C$2:$C$43,Site_Meta!E$2:E$43) -> E | G18: =LOOKUP($D18,Site_Meta!$C$2:$C$43,Site_Meta!F$2:F$43) -> 18.27587 | H18: =LOOKUP($D18,Site_Meta!$C$2:$C$43,Site_Meta!G$2:G$43) -> -65.2773 | I18: =LOOKUP($D18,Site_Meta!$C$2:$C$43,Site_Meta!H$2:H$43) -> 20 | J18: 10 | K18: 13 | L18: 2023 | M18: =CONCATENATE(J18,"/",K18,"/",L18) -> 10/13/2023 | N18: Tyrone | O18: Adiana | P18: Manuel | R18: 0.32638889 | S18: 0.34166667 | T18: 29.7 | U18: 0.5 | V18: 35.99 | W18: 0.5 | X18: 33 | Y18: 6.13 | Z18: 0.49 | AA18: 7.94 | AB18: 0.48 | AC18: 29.92 | AD18: 19.93 | AE18: 36.2 | AF18: 19.97 | AG18: 34.2 | AH18: 5.72 | AI18: 19.98 | AJ18: 8.08 | AK18: 19.97 | AL18: >20 | AM18: >20 | AN18: >20 | AO18: =AVERAGE(AL18:AN18) -> #DIV/0! | AP18: 0.5 | AQ18: 20 | AR18: 312 | AS18: 313 | AT18: 314 | AU18: 315 | AV18: 316 | AW18: 317 | AX18: 318 | AY18: 319 | AZ18: 320 | BA18: 321 | BB18: 465 | BC18: HydroLab
A19: 2 | B19: =LOOKUP($D19,Site_Meta!$C$2:$C$43,Site_Meta!A$2:A$43) -> Derrumbadero 20m | C19: =LOOKUP($D19,Site_Meta!$C$2:$C$43,Site_Meta!B$2:B$43) -> Ponce | D19: DERR20 | E19: =LOOKUP($D19,Site_Meta!$C$2:$C$43,Site_Meta!D$2:D$43) -> South | F19: =LOOKUP($D19,Site_Meta!$C$2:$C$43,Site_Meta!E$2:E$43) -> S | G19: =LOOKUP($D19,Site_Meta!$C$2:$C$43,Site_Meta!F$2:F$43) -> 17.904 | H19: =LOOKUP($D19,Site_Meta!$C$2:$C$43,Site_Meta!G$2:G$43) -> -66.6086 | I19: =LOOKUP($D19,Site_Meta!$C$2:$C$43,Site_Meta!H$2:H$43) -> 20 | J19: 9 | K19: 21 | L19: 2023 | M19: =CONCATENATE(J19,"/",K19,"/",L19) -> 9/21/2023 | N19: Anibal | O19: Adiana | P19: Juanita | Q19: Manuel | R19: 0.47569444 | S19: 0.49722222 | T19: 30.9 | U19: 0.63 | V19: 34.36 | W19: 0.67 | X19: 34.1 | Y19: 6.32 | Z19: 0.7 | AA19: 8.08 | AB19: 0.7 | AC19: 30.12 | AD19: 16.5 | AE19: 35 | AF19: 17 | AG19: 34.6 | AH19: 6.2 | AI19: 17.3 | AJ19: 8.06 | AK19: 17.33 | AL19: 12.25 | AM19: 12.5 | AN19: 12.75 | AO19: =AVERAGE(AL19:AN19) -> 12.5 | AP19: 0.5 | AQ19: 17 | AR19: 190 | AS19: 191 | AT19: 121 | AU19: 122 | AV19: 59 | AW19: 61 | AX19: 62 | AY19: 59 | AZ19: 76 | BA19: 82 | BB19: 57 | BC19: HydroLab
A20: 2 | B20: =LOOKUP($D20,Site_Meta!$C$2:$C$43,Site_Meta!A$2:A$43) -> Cayo Diablo 5m | C20: =LOOKUP($D20,Site_Meta!$C$2:$C$43,Site_Meta!B$2:B$43) -> Fajardo | D20: DIAB05 | E20: =LOOKUP($D20,Site_Meta!$C$2:$C$43,Site_Meta!D$2:D$43) -> North/Northeast | F20: =LOOKUP($D20,Site_Meta!$C$2:$C$43,Site_Meta!E$2:E$43) -> E | G20: =LOOKUP($D20,Site_Meta!$C$2:$C$43,Site_Meta!F$2:F$43) -> 18.36033 | H20: =LOOKUP($D20,Site_Meta!$C$2:$C$43,Site_Meta!G$2:G$43) -> -65.5309 | I20: =LOOKUP($D20,Site_Meta!$C$2:$C$43,Site_Meta!H$2:H$43) -> 5 | J20: 10 | K20: 15 | L20: 2023 | M20: =CONCATENATE(J20,"/",K20,"/",L20) -> 10/15/2023 | N20: Tyrone | O20: Adiana | P20: Manuel | R20: 0.32291667 | S20: 0.33611111 | T20: 30.24 | U20: 0.44 | V20: 35.88 | W20: 0.43 | X20: 34.5 | Y20: 6.01 | Z20: 0.43 | AA20: 7.83 | AB20: 0.43 | AC20: 30.28 | AD20: 3.5 | AE20: 35.86 | AF20: 3.4 | AG20: 34.1 | AH20: 5.79 | AI20: 3.3 | AJ20: 8 | AK20: 3.3 | AL20: >3.5 | AM20: >3.5 | AN20: >3.5 | AO20: =AVERAGE(AL20:AN20) -> #DIV/0! | AP20: 0.5 | AQ20: 3.5 | AR20: 411 | AS20: 412 | AT20: 413 | AU20: 414 | AV20: 415 | AW20: 416 | AX20: 417 | AY20: 418 | AZ20: 419 | BA20: 420 | BB20: 410 | BC20: HydroLab
A21: 2 | B21: =LOOKUP($D21,Site_Meta!$C$2:$C$43,Site_Meta!A$2:A$43) -> Cayo Diablo 5m | C21: =LOOKUP($D21,Site_Meta!$C$2:$C$43,Site_Meta!B$2:B$43) -> Fajardo | D21: DIAB05 | E21: =LOOKUP($D21,Site_Meta!$C$2:$C$43,Site_Meta!D$2:D$43) -> North/Northeast | F21: =LOOKUP($D21,Site_Meta!$C$2:$C$43,Site_Meta!E$2:E$43) -> E | G21: =LOOKUP($D21,Site_Meta!$C$2:$C$43,Site_Meta!F$2:F$43) -> 18.36033 | H21: =LOOKUP($D21,Site_Meta!$C$2:$C$43,Site_Meta!G$2:G$43) -> -65.5309 | I21: =LOOKUP($D21,Site_Meta!$C$2:$C$43,Site_Meta!H$2:H$43) -> 5 | J21: 10 | K21: 15 | L21: 2023 | M21: =CONCATENATE(J21,"/",K21,"/",L21) -> 10/15/2023 | N21: Tyrone | O21: Adiana | P21: Manuel | R21: 0.35069444 | S21: 0.35763889 | T21: 30.4 | U21: 0.51 | V21: 36.75 | W21: 0.51 | X21: 34.5 | Y21: 5.16 | Z21: 0.51 | AA21: 6.19 | AB21: 0.51 | AC21: 31.97 | AD21: 3.55 | AE21: 35.76 | AF21: 3.55 | AG21: 34.1 | AH21: 4.52 | AI21: 3.55 | AJ21: 7.16 | AK21: 3.55 | AL21: NA | AM21: NA | AN21: NA | AO21: =AVERAGE(AL21:AN21) -> #DIV/0! | AP21: NA | AQ21: NA | AR21: NA | AS21: NA | AT21: NA | AU21: NA | AV21: NA | AW21: NA | AX21: NA | AY21: NA | AZ21: NA | BA21: NA | BB21: NA | BC21: YSI
A22: 2 | B22: =LOOKUP($D22,Site_Meta!$C$2:$C$43,Site_Meta!A$2:A$43) -> Dominos 5m | C22: =LOOKUP($D22,Site_Meta!$C$2:$C$43,Site_Meta!B$2:B$43) -> San Juan | D22: DOMI05 | E22: =LOOKUP($D22,Site_Meta!$C$2:$C$43,Site_Meta!D$2:D$43) -> North/Northeast | F22: =LOOKUP($D22,Site_Meta!$C$2:$C$43,Site_Meta!E$2:E$43) -> N | G22: =LOOKUP($D22,Site_Meta!$C$2:$C$43,Site_Meta!F$2:F$43) -> 18.46222 | H22: =LOOKUP($D22,Site_Meta!$C$2:$C$43,Site_Meta!G$2:G$43) -> -66.0517 | I22: =LOOKUP($D22,Site_Meta!$C$2:$C$43,Site_Meta!H$2:H$43) -> 5 | J22: 10 | K22: 6 | L22: 2023 | M22: =CONCATENATE(J22,"/",K22,"/",L22) -> 10/6/2023 | N22: Rodolfo | O22: Leira | P22: Manuel | R22: 0.39722222 | S22: 0.41111111 | T22: 29.85 | U22: 0.63 | V22: 14.79 | W22: 0.53 | X22: 34.8 | Y22: 6.67 | Z22: 0.44 | AA22: 7.96 | AB22: 0.45 | AC22: 29.81 | AD22: 4 | AE22: 7.09 | AF22: 4.03 | AG22: 35 | AH22: 7.02 | AI22: 4.04 | AJ22: 8.05 | AK22: 4.02 | AL22: >4.5 | AM22: >4.5 | AN22: >4.5 | AO22: =AVERAGE(AL22:AN22) -> #DIV/0! | AP22: 0.5 | AQ22: 4 | AR22: 301 | AS22: 302 | AT22: 303 | AU22: 304 | AV22: 305 | AW22: 306 | AX22: 307 | AY22: 308 | AZ22: 309 | BA22: 310 | BB22: 333 | BC22: Check salinity & pH
A23: 2 | B23: =LOOKUP($D23,Site_Meta!$C$2:$C$43,Site_Meta!A$2:A$43) -> Esperanza 10m | C23: =LOOKUP($D23,Site_Meta!$C$2:$C$43,Site_Meta!B$2:B$43) -> Isla Vieques | D23: ESPE10 | E23: =LOOKUP($D23,Site_Meta!$C$2:$C$43,Site_Meta!D$2:D$43) -> Vieques/Culebra | F23: =LOOKUP($D23,Site_Meta!$C$2:$C$43,Site_Meta!E$2:E$43) -> E | G23: =LOOKUP($D23,Site_Meta!$C$2:$C$43,Site_Meta!F$2:F$43) -> 18.08057 | H23: =LOOKUP($D23,Site_Meta!$C$2:$C$43,Site_Meta!G$2:G$43) -> -65.4879 | I23: =LOOKUP($D23,Site_Meta!$C$2:$C$43,Site_Meta!H$2:H$43) -> 10 | J23: 10 | K23: 14 | L23: 2023 | M23: =CONCATENATE(J23,"/",K23,"/",L23) -> 10/14/2023 | N23: Tyrone | O23: Irais | P23: Manuel | R23: 0.38541667 | S23: 0.40555556 | T23: 30.3 | U23: 0.55 | V23: 35.32 | W23: 0.55 | X23: 34.2 | Y23: 6.36 | Z23: 0.54 | AA23: 7.69 | AB23: 0.54 | AC23: 30.13 | AD23: 12.03 | AE23: 35.49 | AF23: 12.02 | AG23: 34.1 | AH23: 6.2 | AI23: 12.03 | AJ23: 6.58 | AK23: 12 | AL23: >12 | AM23: >12 | AN23: >12 | AO23: =AVERAGE(AL23:AN23) -> #DIV/0! | AP23: 0.5 | AQ23: 12 | AR23: 345 | AS23: 346 | AT23: 347 | AU23: 348 | AV23: 349 | AW23: 350 | AX23: 351 | AY23: 352 | AZ23: 353 | BA23: 354 | BB23: 509 | BC23: HydroLab
A24: 2 | B24: =LOOKUP($D24,Site_Meta!$C$2:$C$43,Site_Meta!A$2:A$43) -> Efras Wall 20m | C24: =LOOKUP($D24,Site_Meta!$C$2:$C$43,Site_Meta!B$2:B$43) -> La Parguera | D24: EWAL20 | E24: =LOOKUP($D24,Site_Meta!$C$2:$C$43,Site_Meta!D$2:D$43) -> Southwest | F24: =LOOKUP($D24,Site_Meta!$C$2:$C$43,Site_Meta!E$2:E$43) -> SW | G24: =LOOKUP($D24,Site_Meta!$C$2:$C$43,Site_Meta!F$2:F$43) -> 17.8976 | H24: =LOOKUP($D24,Site_Meta!$C$2:$C$43,Site_Meta!G$2:G$43) -> -66.9599 | I24: =LOOKUP($D24,Site_Meta!$C$2:$C$43,Site_Meta!H$2:H$43) -> 20 | J24: 9 | K24: 19 | L24: 2023 | M24: =CONCATENATE(J24,"/",K24,"/",L24) -> 9/19/2023 | N24: Anibal | O24: Adiana | P24: Leira | Q24: Manuel | R24: 0.33333333 | S24: 0.36041667 | T24: 30.05 | U24: 0.6 | V24: 34.87 | W24: 0.61 | X24: 33.6 | Y24: 6.35 | Z24: 0.62 | AA24: 7.7 | AB24: 0.61 | AC24: 30.16 | AD24: 17.28 | AE24: 34.76 | AF24: 17.4 | AG24: 34.1 | AH24: 5.73 | AI24: 17.51 | AJ24: 8.06 | AK24: 17.5 | AL24: 10.25 | AM24: 10 | AN24: 10.5 | AO24: =AVERAGE(AL24:AN24) -> 10.25 | AP24: 0.5 | AQ24: 17.5 | AR24: 182 | AS24: 183 | AT24: 113 | AU24: 114 | AV24: 55 | AW24: 57 | AX24: 58 | AY24: 55 | AZ24: 72 | BA24: 78 | BB24: 48 | BC24: HydroLab
A25: 2 | B25: =LOOKUP($D25,Site_Meta!$C$2:$C$43,Site_Meta!A$2:A$43) -> Gallardo 5m | C25: =LOOKUP($D25,Site_Meta!$C$2:$C$43,Site_Meta!B$2:B$43) -> Cabo Rojo | D25: GALL05 | E25: =LOOKUP($D25,Site_Meta!$C$2:$C$43,Site_Meta!D$2:D$43) -> West | F25: =LOOKUP($D25,Site_Meta!$C$2:$C$43,Site_Meta!E$2:E$43) -> W | G25: =LOOKUP($D25,Site_Meta!$C$2:$C$43,Site_Meta!F$2:F$43) -> 18.0017 | H25: =LOOKUP($D25,Site_Meta!$C$2:$C$43,Site_Meta!G$2:G$43) -> -67.3299 | I25: =LOOKUP($D25,Site_Meta!$C$2:$C$43,Site_Meta!H$2:H$43) -> 5 | J25: 9 | K25: 20 | L25: 2023 | M25: =CONCATENATE(J25,"/",K25,"/",L25) -> 9/20/2023 | N25: Anibal | O25: Adiana | P25: Manuel | R25: 0.37152778 | S25: 0.38888889 | T25: 30.51 | U25: 0.6 | V25: 33.89 | W25: 0.61 | X25: NA | Y25: 5.77 | Z25: 0.62 | AA25: 7.83 | AB25: 0.58 | AC25: 30.58 | AD25: 6.6 | AE25: 33.94 | AF25: 6.55 | AG25: 33.6 | AH25: 5.75 | AI25: 6.58 | AJ25: 8.02 | AK25: 6.63 | AL25: >6.5 | AM25: >6.5 | AN25: >6.5 | AO25: =AVERAGE(AL25:AN25) -> #DIV/0! | AP25: 0.5 | AQ25: 6.5 | AR25: 187 | AS25: 186 | AT25: 117 | AU25: 118 | AV25: 57 | AW25: 59 | AX25: 60 | AY25: 57 | AZ25: 74 | BA25: 80 | BB25: 50 | BC25: HydroLab; No HOBO
A26: 2 | B26: =LOOKUP($D26,Site_Meta!$C$2:$C$43,Site_Meta!A$2:A$43) -> Guanajibo 20m | C26: =LOOKUP($D26,Site_Meta!$C$2:$C$43,Site_Meta!B$2:B$43) -> Mayaguez | D26: GUAN20 | E26: =LOOKUP($D26,Site_Meta!$C$2:$C$43,Site_Meta!D$2:D$43) -> West | F26: =LOOKUP($D26,Site_Meta!$C$2:$C$43,Site_Meta!E$2:E$43) -> W | G26: =LOOKUP($D26,Site_Meta!$C$2:$C$43,Site_Meta!F$2:F$43) -> 18.17202 | H26: =LOOKUP($D26,Site_Meta!$C$2:$C$43,Site_Meta!G$2:G$43) -> -67.253 | I26: =LOOKUP($D26,Site_Meta!$C$2:$C$43,Site_Meta!H$2:H$43) -> 20 | J26: 10 | K26: 25 | L26: 2023 | M26: =CONCATENATE(J26,"/",K26,"/",L26) -> 10/25/2023 | N26: Orlando | O26: Adiana | P26: Manuel | R26: 0.37916667 | S26: 0.39444444 | T26: 30.34 | U26: 0.34 | V26: 35.44 | W26: 0.34 | X26: 34 | Y26: 6.12 | Z26: 0.34 | AA26: 8.2 | AB26: 0.34 | AC26: 30.02 | AD26: 11.18 | AE26: 35.77 | AF26: 11.18 | AG26: 34.6 | AH26: 6.09 | AI26: 11.18 | AJ26: 8.21 | AK26: 11.18 | AL26: >16 | AM26: >16 | AN26: >16 | AO26: =AVERAGE(AL26:AN26) -> #DIV/0! | AP26: 0.5 | AQ26: 18 | AR26: 587 | AS26: 588 | AT26: 589 | AU26: 590 | AV26: 591 | AW26: 592 | AX26: 593 | AY26: 594 | AZ26: 595 | BA26: 596 | BB26: 586 | BC26: Eureka_Log_Oct_5,20,23-25_2023.xlsx
A27: 2 | B27: =LOOKUP($D27,Site_Meta!$C$2:$C$43,Site_Meta!A$2:A$43) -> Canal Luis Pena 5m | C27: =LOOKUP($D27,Site_Meta!$C$2:$C$43,Site_Meta!B$2:B$43) -> Isla Culebra | D27: LPEN05 | E27: =LOOKUP($D27,Site_Meta!$C$2:$C$43,Site_Meta!D$2:D$43) -> Vieques/Culebra | F27: =LOOKUP($D27,Site_Meta!$C$2:$C$43,Site_Meta!E$2:E$43) -> E | G27: =LOOKUP($D27,Site_Meta!$C$2:$C$43,Site_Meta!F$2:F$43) -> 18.30493 | H27: =LOOKUP($D27,Site_Meta!$C$2:$C$43,Site_Meta!G$2:G$43) -> -65.3277 | I27: =LOOKUP($D27,Site_Meta!$C$2:$C$43,Site_Meta!H$2:H$43) -> 5 | J27: 10 | K27: 13 | L27: 2023 | M27: =CONCATENATE(J27,"/",K27,"/",L27) -> 10/13/2023 | N27: Tyrone | O27: Adiana | P27: Manuel | R27: 0.35625 | S27: 0.37083333 | T27: 29.67 | U27: 0.51 | V27: 35.88 | W27: 0.51 | X27: 34 | Y27: 5.84 | Z27: 0.52 | AA27: 7.73 | AB27: 0.52 | AC27: 29.81 | AD27: 4.58 | AE27: 35.82 | AF27: 4.53 | AG27: 34.2 | AH27: 5.82 | AI27: 4.53 | AJ27: 8.03 | AK27: 4.53 | AL27: >5 | AM27: >5 | AN27: >5 | AO27: =AVERAGE(AL27:AN27) -> #DIV/0! | AP27: 0.5 | AQ27: 5 | AR27: 378 | AS27: 379 | AT27: 380 | AU27: 381 | AV27: 382 | AW27: 383 | AX27: 384 | AY27: 385 | AZ27: 387 | BA27: 386 | BB27: 476 | BC27: HydroLab
A28: 2 | B28: =LOOKUP($D28,Site_Meta!$C$2:$C$43,Site_Meta!A$2:A$43) -> Manchas Exteriores 10m | C28: =LOOKUP($D28,Site_Meta!$C$2:$C$43,Site_Meta!B$2:B$43) -> Mayaguez | D28: MEXT10 | E28: =LOOKUP($D28,Site_Meta!$C$2:$C$43,Site_Meta!D$2:D$43) -> West | F28: =LOOKUP($D28,Site_Meta!$C$2:$C$43,Site_Meta!E$2:E$43) -> W | G28: =LOOKUP($D28,Site_Meta!$C$2:$C$43,Site_Meta!F$2:F$43) -> 18.23353 | H28: =LOOKUP($D28,Site_Meta!$C$2:$C$43,Site_Meta!G$2:G$43) -> -67.2006 | I28: =LOOKUP($D28,Site_Meta!$C$2:$C$43,Site_Meta!H$2:H$43) -> 10 | J28: 10 | K28: 23 | L28: 2023 | M28: =CONCATENATE(J28,"/",K28,"/",L28) -> 10/23/2023 | N28: Anibal | O28: Adiana | P28: Leira | R28: 0.57638889 | S28: 0.60208333 | T28: 30.71 | U28: 0.51 | V28: 35.33 | W28: 0.51 | X28: 33.9 | Y28: 6.21 | Z28: 0.51 | AA28: 8.12 | AB28: 0.51 | AC28: 30.66 | AD28: 10.96 | AE28: 35.43 | AF28: 10.96 | AG28: 33.9 | AH28: 6.22 | AI28: 10.96 | AJ28: 8.19 | AK28: 10.96 | AL28: >10 | AM28: >10 | AN28: >10 | AO28: =AVERAGE(AL28:AN28) -> #DIV/0! | AP28: 0.5 | AQ28: 10 | AR28: 499 | AS28: 500 | AT28: 501 | AU28: 502 | AV28: 503 | AW28: 504 | AX28: 505 | AY28: 506 | AZ28: 507 | BA28: 508 | BB28: 355 | BC28: Eureka_Log_Oct_5,20,23-25_2023.xlsx
A29: 2 | B29: =LOOKUP($D29,Site_Meta!$C$2:$C$43,Site_Meta!A$2:A$43) -> Manchas Exteriores 20m | C29: =LOOKUP($D29,Site_Meta!$C$2:$C$43,Site_Meta!B$2:B$43) -> Mayaguez | D29: MEXT20 | E29: =LOOKUP($D29,Site_Meta!$C$2:$C$43,Site_Meta!D$2:D$43) -> West | F29: =LOOKUP($D29,Site_Meta!$C$2:$C$43,Site_Meta!E$2:E$43) -> W | G29: =LOOKUP($D29,Site_Meta!$C$2:$C$43,Site_Meta!F$2:F$43) -> 18.2335 | H29: =LOOKUP($D29,Site_Meta!$C$2:$C$43,Site_Meta!G$2:G$43) -> -67.2009 | I29: =LOOKUP($D29,Site_Meta!$C$2:$C$43,Site_Meta!H$2:H$43) -> 20 | J29: 10 | K29: 24 | L29: 2023 | M29: =CONCATENATE(J29,"/",K29,"/",L29) -> 10/24/2023 | N29: Anibal | O29: Adiana | P29: Erica | Q29: Manuel | R29: 0.48263889 | S29: 0.50138889 | T29: 30.75 | U29: 0.74 | V29: 35.28 | W29: 0.74 | X29: NA | Y29: 6.22 | Z29: 0.74 | AA29: 8.19 | AB29: 0.74 | AC29: 29.77 | AD29: 18.66 | AE29: 35.83 | AF29: 18.66 | AG29: 34.6 | AH29: 6.07 | AI29: 18.66 | AJ29: 8.2 | AK29: 18.66 | AL29: 11.25 | AM29: 11.25 | AN29: 10.75 | AO29: =AVERAGE(AL29:AN29) -> 11.083333 | AP29: 0.5 | AQ29: 18 | AR29: 576 | AS29: 577 | AT29: 578 | AU29: 579 | AV29: 580 | AW29: 581 | AX29: 582 | AY29: 583 | AZ29: 584 | BA29: 585 | BB29: 388 | BC29: Eureka_Log_Oct_5,20,23-25_2023.xlsx; Correct depth offset ~0.35 m
A30: 2 | B30: =LOOKUP($D30,Site_Meta!$C$2:$C$43,Site_Meta!A$2:A$43) -> Maria Langa 5m | C30: =LOOKUP($D30,Site_Meta!$C$2:$C$43,Site_Meta!B$2:B$43) -> Guayanilla | D30: MLAN05 | E30: =LOOKUP($D30,Site_Meta!$C$2:$C$43,Site_Meta!D$2:D$43) -> South | F30: =LOOKUP($D30,Site_Meta!$C$2:$C$43,Site_Meta!E$2:E$43) -> S | G30: =LOOKUP($D30,Site_Meta!$C$2:$C$43,Site_Meta!F$2:F$43) -> 17.96488 | H30: =LOOKUP($D30,Site_Meta!$C$2:$C$43,Site_Meta!G$2:G$43) -> -66.7565 | I30: =LOOKUP($D30,Site_Meta!$C$2:$C$43,Site_Meta!H$2:H$43) -> 5 | J30: 10 | K30: 4 | L30: 2023 | M30: =CONCATENATE(J30,"/",K30,"/",L30) -> 10/4/2023 | N30: Anibal | O30: Leira | P30: Manuel | R30: 0.36736111 | S30: 0.38402778 | T30: 31.17 | U30: 0.53 | V30: 36.24 | W30: 0.55 | X30: 34.2 | Y30: 5.11 | Z30: 0.54 | AA30: 7.9 | AB30: 0.54 | AC30: 30.96 | AD30: 4.1 | AE30: 36.48 | AF30: 4.07 | AG30: 34 | AH30: 5.05 | AI30: 4.02 | AJ30: 8.02 | AK30: 4.02 | AL30: >4 | AM30: >4 | AN30: >4 | AO30: =AVERAGE(AL30:AN30) -> #DIV/0! | AP30: 0.5 | AQ30: 4 | AR30: 257 | AS30: 258 | AT30: 259 | AU30: 260 | AV30: 261 | AW30: 262 | AX30: 263 | AY30: 264 | AZ30: 265 | BA30: 266 | BB30: 234 | BC30: HydroLab
A31: 2 | B31: =LOOKUP($D31,Site_Meta!$C$2:$C$43,Site_Meta!A$2:A$43) -> Maria Langa 5m | C31: =LOOKUP($D31,Site_Meta!$C$2:$C$43,Site_Meta!B$2:B$43) -> Guayanilla | D31: MLAN05-R | E31: =LOOKUP($D31,Site_Meta!$C$2:$C$43,Site_Meta!D$2:D$43) -> South | F31: =LOOKUP($D31,Site_Meta!$C$2:$C$43,Site_Meta!E$2:E$43) -> S | G31: =LOOKUP($D31,Site_Meta!$C$2:$C$43,Site_Meta!F$2:F$43) -> 17.96488 | H31: =LOOKUP($D31,Site_Meta!$C$2:$C$43,Site_Meta!G$2:G$43) -> -66.7565 | I31: =LOOKUP($D31,Site_Meta!$C$2:$C$43,Site_Meta!H$2:H$43) -> 5 | J31: 10 | K31: 4 | L31: 2023 | M31: =CONCATENATE(J31,"/",K31,"/",L31) -> 10/4/2023 | N31: Anibal | O31: Leira | P31: Manuel | R31: 0.38402778 | S31: 0.39722222 | T31: 31.04 | U31: 0.58 | V31: 36.3 | W31: 0.6 | X31: 33.8 | Y31: 4.37 | Z31: 0.6 | AA31: 7.83 | AB31: 0.6 | AC31: 31.02 | AD31: 2.94 | AE31: 36.25 | AF31: 3.18 | AG31: 33.4 | AH31: 5.01 | AI31: 3.14 | AJ31: 7.99 | AK31: 3.02 | AL31: >3 | AM31: >3 | AN31: >3 | AO31: =AVERAGE(AL31:AN31) -> #DIV/0! | AP31: 0.5 | AQ31: 3 | AR31: 268 | AS31: 269 | AT31: 270 | AU31: 271 | AV31: 272 | AW31: 273 | AX31: 274 | AY31: 275 | AZ31: 276 | BA31: 277 | BB31: 245 | BC31: HydroLab
A32: 2 | B32: =LOOKUP($D32,Site_Meta!$C$2:$C$43,Site_Meta!A$2:A$43) -> Maria Langa 10m | C32: =LOOKUP($D32,Site_Meta!$C$2:$C$43,Site_Meta!B$2:B$43) -> Guayanilla | D32: MLAN10 | E32: =LOOKUP($D32,Site_Meta!$C$2:$C$43,Site_Meta!D$2:D$43) -> South | F32: =LOOKUP($D32,Site_Meta!$C$2:$C$43,Site_Meta!E$2:E$43) -> S | G32: =LOOKUP($D32,Site_Meta!$C$2:$C$43,Site_Meta!F$2:F$43) -> 17.96093 | H32: =LOOKUP($D32,Site_Meta!$C$2:$C$43,Site_Meta!G$2:G$43) -> -66.7529 | I32: =LOOKUP($D32,Site_Meta!$C$2:$C$43,Site_Meta!H$2:H$43) -> 10 | J32: 10 | K32: 4 | L32: 2023 | M32: =CONCATENATE(J32,"/",K32,"/",L32) -> 10/4/2023 | N32: Anibal | O32: Leira | P32: Manuel | R32: 0.34236111 | S32: 0.36041667 | T32: 30.8 | U32: 0.53 | V32: 36.49 | W32: 0.58 | X32: 34.3 | Y32: 5.51 | Z32: 0.57 | AA32: 7.92 | AB32: 0.56 | AC32: 30.72 | AD32: 8.76 | AE32: 36.5 | AF32: 8.82 | AG32: 34.2 | AH32: 5.41 | AI32: 8.86 | AJ32: 8.04 | AK32: 8.92 | AL32: >8.75 | AM32: >8.75 | AN32: >8.75 | AO32: =AVERAGE(AL32:AN32) -> #DIV/0! | AP32: 0.5 | AQ32: 8 | AR32: 246 | AS32: 247 | AT32: 248 | AU32: 249 | AV32: 250 | AW32: 251 | AX32: 252 | AY32: 253 | AZ32: 254 | BA32: 255 | BB32: 223 | BC32: HydroLab
A33: 2 | B33: =LOOKUP($D33,Site_Meta!$C$2:$C$43,Site_Meta!A$2:A$43) -> Maria Langa 20m | C33: =LOOKUP($D33,Site_Meta!$C$2:$C$43,Site_Meta!B$2:B$43) -> Guayanilla | D33: MLAN20 | E33: =LOOKUP($D33,Site_Meta!$C$2:$C$43,Site_Meta!D$2:D$43) -> South | F33: =LOOKUP($D33,Site_Meta!$C$2:$C$43,Site_Meta!E$2:E$43) -> S | G33: =LOOKUP($D33,Site_Meta!$C$2:$C$43,Site_Meta!F$2:F$43) -> 17.95953 | H33: =LOOKUP($D33,Site_Meta!$C$2:$C$43,Site_Meta!G$2:G$43) -> -66.747 | I33: =LOOKUP($D33,Site_Meta!$C$2:$C$43,Site_Meta!H$2:H$43) -> 20 | J33: 10 | K33: 4 | L33: 2023 | M33: =CONCATENATE(J33,"/",K33,"/",L33) -> 10/4/2023 | N33: Anibal | O33: Leira | P33: Manuel | R33: 0.30555556 | S33: 0.33680556 | T33: 31 | U33: 0.58 | V33: 36.36 | W33: 0.59 | X33: 34.2 | Y33: 5.05 | Z33: 0.58 | AA33: 7.4 | AB33: 0.59 | AC33: 30.37 | AD33: 18.5 | AE33: 36.95 | AF33: 18.5 | AG33: 34.6 | AH33: 6.04 | AI33: 18.05 | AJ33: 8.08 | AK33: 17.87 | AL33: 11.25 | AM33: 11.25 | AN33: 11.25 | AO33: =AVERAGE(AL33:AN33) -> 11.25 | AP33: 0.5 | AQ33: 18 | AR33: 235 | AS33: 236 | AT33: 237 | AU33: 238 | AV33: 239 | AW33: 240 | AX33: 241 | AY33: 242 | AZ33: 243 | BA33: 244 | BB33: 212 | BC33: HydroLab
A34: 2 | B34: =LOOKUP($D34,Site_Meta!$C$2:$C$43,Site_Meta!A$2:A$43) -> Media Luna 5m | C34: =LOOKUP($D34,Site_Meta!$C$2:$C$43,Site_Meta!B$2:B$43) -> La Parguera | D34: MLUN05 | E34: =LOOKUP($D34,Site_Meta!$C$2:$C$43,Site_Meta!D$2:D$43) -> Southwest | F34: =LOOKUP($D34,Site_Meta!$C$2:$C$43,Site_Meta!E$2:E$43) -> SW | G34: =LOOKUP($D34,Site_Meta!$C$2:$C$43,Site_Meta!F$2:F$43) -> 17.93937 | H34: =LOOKUP($D34,Site_Meta!$C$2:$C$43,Site_Meta!G$2:G$43) -> -67.0507 | I34: =LOOKUP($D34,Site_Meta!$C$2:$C$43,Site_Meta!H$2:H$43) -> 5 | J34: 9 | K34: 19 | L34: 2023 | M34: =CONCATENATE(J34,"/",K34,"/",L34) -> 9/19/2023 | N34: Anibal | O34: Adiana | P34: Leira | Q34: Manuel | R34: 0.42986111 | S34: 0.44722222 | T34: 31.25 | U34: 0.6 | V34: 34 | W34: 0.56 | X34: 33.6 | Y34: 5.89 | Z34: 0.57 | AA34: 7.99 | AB34: 0.6 | AC34: 31.01 | AD34: 3.2 | AE34: 34.26 | AF34: 3.08 | AG34: 33.9 | AH34: 5.89 | AI34: 3.09 | AJ34: 8.03 | AK34: 3.07 | AL34: >3.5 | AM34: >3.5 | AN34: >3.5 | AO34: =AVERAGE(AL34:AN34) -> #DIV/0! | AP34: 0.5 | AQ34: 3 | AR34: 176 | AS34: 177 | AT34: 107 | AU34: 108 | AV34: 52 | AW34: 54 | AX34: 55 | AY34: 52 | AZ34: 69 | BA34: 75 | BB34: 55 | BC34: HydroLab
A35: 2 | B35: =LOOKUP($D35,Site_Meta!$C$2:$C$43,Site_Meta!A$2:A$43) -> Media Luna 10m | C35: =LOOKUP($D35,Site_Meta!$C$2:$C$43,Site_Meta!B$2:B$43) -> La Parguera | D35: MLUN10 | E35: =LOOKUP($D35,Site_Meta!$C$2:$C$43,Site_Meta!D$2:D$43) -> Southwest | F35: =LOOKUP($D35,Site_Meta!$C$2:$C$43,Site_Meta!E$2:E$43) -> SW | G35: =LOOKUP($D35,Site_Meta!$C$2:$C$43,Site_Meta!F$2:F$43) -> 17.93472 | H35: =LOOKUP($D35,Site_Meta!$C$2:$C$43,Site_Meta!G$2:G$43) -> -67.0485 | I35: =LOOKUP($D35,Site_Meta!$C$2:$C$43,Site_Meta!H$2:H$43) -> 10 | J35: 9 | K35: 19 | L35: 2023 | M35: =CONCATENATE(J35,"/",K35,"/",L35) -> 9/19/2023 | N35: Anibal | O35: Adiana | P35: Leira | Q35: Manuel | R35: 0.40763889 | S35: 0.425 | T35: 30.92 | U35: 0.55 | V35: 34.16 | W35: 0.56 | X35: 34.4 | Y35: 6.11 | Z35: 0.56 | AA35: 7.97 | AB35: 0.5 | AC35: 30.8 | AD35: 5.6 | AE35: 34.2 | AF35: 5.65 | AG35: 33.9 | AH35: 6.12 | AI35: 5.64 | AJ35: 8.06 | AK35: 5.65 | AL35: >5.5 | AM35: >5.5 | AN35: >5.5 | AO35: =AVERAGE(AL35:AN35) -> #DIV/0! | AP35: 0.5 | AQ35: 5 | AR35: 181 | AS35: 180 | AT35: 111 | AU35: 112 | AV35: 54 | AW35: 56 | AX35: 57 | AY35: 54 | AZ35: 71 | BA35: 77 | BB35: 49 | BC35: HydroLab; p.d. Martha and Enterococcus # --> # on field log vs Martha's notes
A36: 2 | B36: =LOOKUP($D36,Site_Meta!$C$2:$C$43,Site_Meta!A$2:A$43) -> El Negro 5m | C36: =LOOKUP($D36,Site_Meta!$C$2:$C$43,Site_Meta!B$2:B$43) -> Cabo Rojo | D36: NEGR05 | E36: =LOOKUP($D36,Site_Meta!$C$2:$C$43,Site_Meta!D$2:D$43) -> West | F36: =LOOKUP($D36,Site_Meta!$C$2:$C$43,Site_Meta!E$2:E$43) -> W | G36: =LOOKUP($D36,Site_Meta!$C$2:$C$43,Site_Meta!F$2:F$43) -> 18.14658 | H36: =LOOKUP($D36,Site_Meta!$C$2:$C$43,Site_Meta!G$2:G$43) -> -67.2476 | I36: =LOOKUP($D36,Site_Meta!$C$2:$C$43,Site_Meta!H$2:H$43) -> 5 | J36: 10 | K36: 25 | L36: 2023 | M36: =CONCATENATE(J36,"/",K36,"/",L36) -> 10/25/2023 | N36: Orlando | O36: Adiana | P36: Manuel | R36: 0.32777778 | S36: 0.34166667 | T36: 30.35 | U36: 0.55 | V36: 35.11 | W36: 0.55 | X36: 34.2 | Y36: 6.03 | Z36: 0.55 | AA36: 8.17 | AB36: 0.55 | AC36: 30.04 | AD36: 8.76 | AE36: 35.71 | AF36: 8.76 | AG36: 34.6 | AH36: 5.88 | AI36: 8.76 | AJ36: 8.19 | AK36: 8.76 | AL36: >7.5 | AM36: >7.5 | AN36: >7.5 | AO36: =AVERAGE(AL36:AN36) -> #DIV/0! | AP36: 0.5 | AQ36: 7.5 | AR36: 477 | AS36: 478 | AT36: 479 | AU36: 480 | AV36: 481 | AW36: 482 | AX36: 483 | AY36: 484 | AZ36: 485 | BA36: 486 | BB36: 575 | BC36: Eureka_Log_Oct_5,20,23-25_2023.xlsx
A37: 2 | B37: =LOOKUP($D37,Site_Meta!$C$2:$C$43,Site_Meta!A$2:A$43) -> El Negro 10m | C37: =LOOKUP($D37,Site_Meta!$C$2:$C$43,Site_Meta!B$2:B$43) -> Cabo Rojo | D37: NEGR10 | E37: =LOOKUP($D37,Site_Meta!$C$2:$C$43,Site_Meta!D$2:D$43) -> West | F37: =LOOKUP($D37,Site_Meta!$C$2:$C$43,Site_Meta!E$2:E$43) -> W | G37: =LOOKUP($D37,Site_Meta!$C$2:$C$43,Site_Meta!F$2:F$43) -> 18.14653 | H37: =LOOKUP($D37,Site_Meta!$C$2:$C$43,Site_Meta!G$2:G$43) -> -67.248 | I37: =LOOKUP($D37,Site_Meta!$C$2:$C$43,Site_Meta!H$2:H$43) -> 10 | J37: 10 | K37: 25 | L37: 2023 | M37: =CONCATENATE(J37,"/",K37,"/",L37) -> 10/25/2023 | N37: Orlando | O37: Adiana | P37: Manuel | R37: 0.34722222 | S37: 0.36319444 | T37: 30.31 | U37: 0.47 | V37: 35.38 | W37: 0.47 | X37: 34.3 | Y37: 6.29 | Z37: 0.47 | AA37: 8.15 | AB37: 0.47 | AC37: 29.89 | AD37: 19.01 | AE37: 35.87 | AF37: 19.01 | AG37: 34.8 | AH37: 5.99 | AI37: 19.01 | AJ37: 8.2 | AK37: 19.01 | AL37: 10 | AM37: 10 | AN37: 10 | AO37: =AVERAGE(AL37:AN37) -> 10 | AP37: 0.5 | AQ37: 18 | AR37: 609 | AS37: 610 | AT37: 611 | AU37: 612 | AV37: 613 | AW37: 614 | AX37: 615 | AY37: 616 | AZ37: 617 | BA37: 618 | BB37: 564 | BC37: Eureka_Log_Oct_5,20,23-25_2023.xlsx
A38: 2 | B38: =LOOKUP($D38,Site_Meta!$C$2:$C$43,Site_Meta!A$2:A$43) -> Palominos 20m | C38: =LOOKUP($D38,Site_Meta!$C$2:$C$43,Site_Meta!B$2:B$43) -> Fajardo | D38: PALN20 | E38: =LOOKUP($D38,Site_Meta!$C$2:$C$43,Site_Meta!D$2:D$43) -> North/Northeast | F38: =LOOKUP($D38,Site_Meta!$C$2:$C$43,Site_Meta!E$2:E$43) -> E | G38: =LOOKUP($D38,Site_Meta!$C$2:$C$43,Site_Meta!F$2:F$43) -> 18.35466 | H38: =LOOKUP($D38,Site_Meta!$C$2:$C$43,Site_Meta!G$2:G$43) -> -65.5671 | I38: =LOOKUP($D38,Site_Meta!$C$2:$C$43,Site_Meta!H$2:H$43) -> 20 | J38: 10 | K38: 15 | L38: 2023 | M38: =CONCATENATE(J38,"/",K38,"/",L38) -> 10/15/2023 | N38: Tyrone | O38: Adiana | P38: Manuel | R38: 0.40694444 | S38: 0.42152778 | T38: NA | U38: NA | V38: NA | W38: NA | X38: 35.1 | Y38: NA | Z38: NA | AA38: NA | AB38: NA | AC38: NA | AD38: NA | AE38: NA | AF38: NA | AG38: 35.2 | AH38: NA | AI38: NA | AJ38: NA | AK38: NA | AL38: 12.25 | AM38: 12.5 | AN38: 12.5 | AO38: =AVERAGE(AL38:AN38) -> 12.416667 | AP38: 0.5 | AQ38: 17.5 | AR38: 433 | AS38: 434 | AT38: 435 | AU38: 436 | AV38: 437 | AW38: 438 | AX38: 439 | AY38: 440 | AZ38: 441 | BA38: 442 | BB38: 432 | BC38: HydroLab; Handheld Surveyor turned off
A39: 2 | B39: =LOOKUP($D39,Site_Meta!$C$2:$C$43,Site_Meta!A$2:A$43) -> Palominos 20m | C39: =LOOKUP($D39,Site_Meta!$C$2:$C$43,Site_Meta!B$2:B$43) -> Fajardo | D39: PALN20 | E39: =LOOKUP($D39,Site_Meta!$C$2:$C$43,Site_Meta!D$2:D$43) -> North/Northeast | F39: =LOOKUP($D39,Site_Meta!$C$2:$C$43,Site_Meta!E$2:E$43) -> E | G39: =LOOKUP($D39,Site_Meta!$C$2:$C$43,Site_Meta!F$2:F$43) -> 18.35466 | H39: =LOOKUP($D39,Site_Meta!$C$2:$C$43,Site_Meta!G$2:G$43) -> -65.5671 | I39: =LOOKUP($D39,Site_Meta!$C$2:$C$43,Site_Meta!H$2:H$43) -> 20 | J39: 10 | K39: 15 | L39: 2023 | M39: =CONCATENATE(J39,"/",K39,"/",L39) -> 10/15/2023 | N39: Tyrone | O39: Adiana | P39: Manuel | R39: 0.41041667 | S39: 0.42083333 | T39: 30.76 | U39: 0.63 | V39: 36.68 | W39: 0.63 | X39: 35.1 | Y39: 5.17 | Z39: 0.63 | AA39: 6.49 | AB39: 0.63 | AC39: 32.04 | AD39: 18.15 | AE39: 35.77 | AF39: 18.15 | AG39: 35.2 | AH39: 4.91 | AI39: 18.15 | AJ39: 6.99 | AK39: 18.15 | AL39: NA | AM39: NA | AN39: NA | AO39: =AVERAGE(AL39:AN39) -> #DIV/0! | AP39: NA | AQ39: NA | AR39: NA | AS39: NA | AT39: NA | AU39: NA | AV39: NA | AW39: NA | AX39: NA | AY39: NA | AZ39: NA | BA39: NA | BB39: NA | BC39: YSI
A40: 2 | B40: =LOOKUP($D40,Site_Meta!$C$2:$C$43,Site_Meta!A$2:A$43) -> Palominitos 10m | C40: =LOOKUP($D40,Site_Meta!$C$2:$C$43,Site_Meta!B$2:B$43) -> Fajardo | D40: PALT10 | E40: =LOOKUP($D40,Site_Meta!$C$2:$C$43,Site_Meta!D$2:D$43) -> North/Northeast | F40: =LOOKUP($D40,Site_Meta!$C$2:$C$43,Site_Meta!E$2:E$43) -> E | G40: =LOOKUP($D40,Site_Meta!$C$2:$C$43,Site_Meta!F$2:F$43) -> 18.33537 | H40: =LOOKUP($D40,Site_Meta!$C$2:$C$43,Site_Meta!G$2:G$43) -> -65.5656 | I40: =LOOKUP($D40,Site_Meta!$C$2:$C$43,Site_Meta!H$2:H$43) -> 10 | J40: 10 | K40: 15 | L40: 2023 | M40: =CONCATENATE(J40,"/",K40,"/",L40) -> 10/15/2023 | N40: Tyrone | O40: Adiana | P40: Manuel | R40: 0.35277778 | S40: 0.37430556 | T40: 30.35 | U40: 0.53 | V40: 35.61 | W40: 0.55 | X40: 34.8 | Y40: 6.3 | Z40: 0.54 | AA40: 7.81 | AB40: 0.54 | AC40: 30.36 | AD40: 8.5 | AE40: 34.23 | AF40: 8.2 | AG40: 33.8 | AH40: 6.12 | AI40: 8.1 | AJ40: 8.11 | AK40: 7.96 | AL40: >8.5 | AM40: >8.5 | AN40: >8.5 | AO40: =AVERAGE(AL40:AN40) -> #DIV/0! | AP40: 0.5 | AQ40: 8.5 | AR40: 422 | AS40: 423 | AT40: 424 | AU40: 425 | AV40: 426 | AW40: 427 | AX40: 428 | AY40: 429 | AZ40: 430 | BA40: 431 | BB40: 421 | BC40: HydroLab
A41: 2 | B41: =LOOKUP($D41,Site_Meta!$C$2:$C$43,Site_Meta!A$2:A$43) -> Palominitos 10m | C41: =LOOKUP($D41,Site_Meta!$C$2:$C$43,Site_Meta!B$2:B$43) -> Fajardo | D41: PALT10 | E41: =LOOKUP($D41,Site_Meta!$C$2:$C$43,Site_Meta!D$2:D$43) -> North/Northeast | F41: =LOOKUP($D41,Site_Meta!$C$2:$C$43,Site_Meta!E$2:E$43) -> E | G41: =LOOKUP($D41,Site_Meta!$C$2:$C$43,Site_Meta!F$2:F$43) -> 18.33537 | H41: =LOOKUP($D41,Site_Meta!$C$2:$C$43,Site_Meta!G$2:G$43) -> -65.5656 | I41: =LOOKUP($D41,Site_Meta!$C$2:$C$43,Site_Meta!H$2:H$43) -> 10 | J41: 10 | K41: 15 | L41: 2023 | M41: =CONCATENATE(J41,"/",K41,"/",L41) -> 10/15/2023 | N41: Tyrone | O41: Adiana | P41: Manuel | R41: 0.38819444 | S41: 0.39444444 | T41: 30.16 | U41: 0.6 | V41: 37.02 | W41: 0.6 | X41: 34.8 | Y41: 5.25 | Z41: 0.6 | AA41: 6.22 | AB41: 0.6 | AC41: 32.01 | AD41: 5.84 | AE41: 35.77 | AF41: 5.84 | AG41: 33.8 | AH41: 5.89 | AI41: 5.84 | AJ41: 7.18 | AK41: 5.84 | AL41: NA | AM41: NA | AN41: NA | AO41: =AVERAGE(AL41:AN41) -> #DIV/0! | AP41: NA | AQ41: NA | AR41: NA | AS41: NA | AT41: NA | AU41: NA | AV41: NA | AW41: NA | AX41: NA | AY41: NA | AZ41: NA | BA41: NA | BB41: NA | BC41: YSI
A42: 2 | B42: =LOOKUP($D42,Site_Meta!$C$2:$C$43,Site_Meta!A$2:A$43) -> Cayo Ratones 5m | C42: =LOOKUP($D42,Site_Meta!$C$2:$C$43,Site_Meta!B$2:B$43) -> Salinas | D42: RATO05 | E42: =LOOKUP($D42,Site_Meta!$C$2:$C$43,Site_Meta!D$2:D$43) -> Southeast | F42: =LOOKUP($D42,Site_Meta!$C$2:$C$43,Site_Meta!E$2:E$43) -> S | G42: =LOOKUP($D42,Site_Meta!$C$2:$C$43,Site_Meta!F$2:F$43) -> 17.9346 | H42: =LOOKUP($D42,Site_Meta!$C$2:$C$43,Site_Meta!G$2:G$43) -> -66.3025 | I42: =LOOKUP($D42,Site_Meta!$C$2:$C$43,Site_Meta!H$2:H$43) -> 5 | J42: 9 | K42: 21 | L42: 2023 | M42: =CONCATENATE(J42,"/",K42,"/",L42) -> 9/21/2023 | N42: Anibal | O42: Adiana | P42: Juanita | Q42: Manuel | R42: 0.40555556 | S42: 0.41944444 | T42: 30.78 | U42: 0.64 | V42: 35.32 | W42: 0.64 | X42: NA | Y42: 5.8 | Z42: 0.63 | AA42: 8.03 | AB42: 0.62 | AC42: 30.65 | AD42: 4.12 | AE42: 35.38 | AF42: 4.22 | AG42: NA | AH42: 5.23 | AI42: 4.37 | AJ42: 7.95 | AK42: 4.31 | AL42: >4 | AM42: >4 | AN42: >4 | AO42: =AVERAGE(AL42:AN42) -> #DIV/0! | AP42: 0.5 | AQ42: 4 | AR42: 188 | AS42: 189 | AT42: 119 | AU42: 120 | AV42: 58 | AW42: 60 | AX42: 61 | AY42: 58 | AZ42: 75 | BA42: 81 | BB42: 51 | BC42: HydroLab
A43: 2 | B43: =LOOKUP($D43,Site_Meta!$C$2:$C$43,Site_Meta!A$2:A$43) -> Resuellos 10m | C43: =LOOKUP($D43,Site_Meta!$C$2:$C$43,Site_Meta!B$2:B$43) -> Cabo Rojo | D43: RESU10 | E43: =LOOKUP($D43,Site_Meta!$C$2:$C$43,Site_Meta!D$2:D$43) -> West | F43: =LOOKUP($D43,Site_Meta!$C$2:$C$43,Site_Meta!E$2:E$43) -> W | G43: =LOOKUP($D43,Site_Meta!$C$2:$C$43,Site_Meta!F$2:F$43) -> 17.99116 | H43: =LOOKUP($D43,Site_Meta!$C$2:$C$43,Site_Meta!G$2:G$43) -> -67.2332 | I43: =LOOKUP($D43,Site_Meta!$C$2:$C$43,Site_Meta!H$2:H$43) -> 10 | J43: 9 | K43: 20 | L43: 2023 | M43: =CONCATENATE(J43,"/",K43,"/",L43) -> 9/20/2023 | N43: Anibal | O43: Adiana | P43: Manuel | R43: 0.40972222 | S43: 0.42986111 | T43: 30.72 | U43: 0.54 | V43: 34.15 | W43: 0.52 | X43: 33.8 | Y43: 6.38 | Z43: 0.55 | AA43: 7.98 | AB43: 0.55 | AC43: 30.84 | AD43: 13.69 | AE43: 34.17 | AF43: 13.7 | AG43: NA | AH43: 6.4 | AI43: 13.67 | AJ43: 8.07 | AK43: 13.65 | AL43: 7.5 | AM43: 7.5 | AN43: 7.5 | AO43: =AVERAGE(AL43:AN43) -> 7.5 | AP43: 0.5 | AQ43: 13.5 | AR43: 192 | AS43: 193 | AT43: 123 | AU43: 124 | AV43: 60 | AW43: 62 | AX43: 63 | AY43: 60 | AZ43: 77 | BA43: 83 | BB43: 54 | BC43: HydroLab; No HOBO
A44: 2 | B44: =LOOKUP($D44,Site_Meta!$C$2:$C$43,Site_Meta!A$2:A$43) -> Resuellos 10m | C44: =LOOKUP($D44,Site_Meta!$C$2:$C$43,Site_Meta!B$2:B$43) -> Cabo Rojo | D44: RESU10-R | E44: =LOOKUP($D44,Site_Meta!$C$2:$C$43,Site_Meta!D$2:D$43) -> West | F44: =LOOKUP($D44,Site_Meta!$C$2:$C$43,Site_Meta!E$2:E$43) -> W | G44: =LOOKUP($D44,Site_Meta!$C$2:$C$43,Site_Meta!F$2:F$43) -> 17.99116 | H44: =LOOKUP($D44,Site_Meta!$C$2:$C$43,Site_Meta!G$2:G$43) -> -67.2332 | I44: =LOOKUP($D44,Site_Meta!$C$2:$C$43,Site_Meta!H$2:H$43) -> 10 | J44: 9 | K44: 20 | L44: 2023 | M44: =CONCATENATE(J44,"/",K44,"/",L44) -> 9/20/2023 | N44: Anibal | O44: Adiana | P44: Manuel | R44: 0.43402778 | S44: 0.45208333 | T44: 30.78 | U44: 0.62 | V44: 34.12 | W44: 0.61 | X44: 33.6 | Y44: 6.5 | Z44: 0.6 | AA44: 8.02 | AB44: 0.59 | AC44: 30.91 | AD44: 5.48 | AE44: 34.15 | AF44: 5.46 | AG44: 33 | AH44: 6.33 | AI44: 5.45 | AJ44: 8.08 | AK44: 5.43 | AL44: 7.25 | AM44: 7 | AN44: 7 | AO44: =AVERAGE(AL44:AN44) -> 7.0833333 | AP44: 0.5 | AQ44: 5.5 | AR44: 194 | AS44: 195 | AT44: 125 | AU44: 126 | AV44: 61 | AW44: 63 | AX44: 64 | AY44: 61 | AZ44: 78 | BA44: 84 | BB44: 53 | BC44: HydroLab; No HOBO
A45: 2 | B45: =LOOKUP($D45,Site_Meta!$C$2:$C$43,Site_Meta!A$2:A$43) -> Cayo Rodriguez 5m | C45: =LOOKUP($D45,Site_Meta!$C$2:$C$43,Site_Meta!B$2:B$43) -> Mayaguez | D45: RODR05 | E45: =LOOKUP($D45,Site_Meta!$C$2:$C$43,Site_Meta!D$2:D$43) -> West | F45: =LOOKUP($D45,Site_Meta!$C$2:$C$43,Site_Meta!E$2:E$43) -> W | G45: =LOOKUP($D45,Site_Meta!$C$2:$C$43,Site_Meta!F$2:F$43) -> 18.1893 | H45: =LOOKUP($D45,Site_Meta!$C$2:$C$43,Site_Meta!G$2:G$43) -> -67.1919 | I45: =LOOKUP($D45,Site_Meta!$C$2:$C$43,Site_Meta!H$2:H$43) -> 5 | J45: 10 | K45: 25 | L45: 2023 | M45: =CONCATENATE(J45,"/",K45,"/",L45) -> 10/25/2023 | N45: Orlando | O45: Adiana | P45: Manuel | R45: 0.41180556 | S45: 0.42569444 | T45: 30.53 | U45: 0.54 | V45: 35.04 | W45: 0.54 | X45: 34.2 | Y45: 6.34 | Z45: 0.54 | AA45: 8.09 | AB45: 0.54 | AC45: 30.49 | AD45: 9.86 | AE45: 35.48 | AF45: 9.86 | AG45: 33.3 | AH45: 5.72 | AI45: 9.86 | AJ45: 8.17 | AK45: 9.86 | AL45: 5.25 | AM45: 5.25 | AN45: 5.25 | AO45: =AVERAGE(AL45:AN45) -> 5.25 | AP45: 0.5 | AQ45: 9.5 | AR45: 367 | AS45: 368 | AT45: 369 | AU45: 370 | AV45: 371 | AW45: 372 | AX45: 373 | AY45: 374 | AZ45: 375 | BA45: 376 | BB45: 553 | BC45: Eureka_Log_Oct_5,20,23-25_2023.xlsx
A46: 2 | B46: =LOOKUP($D46,Site_Meta!$C$2:$C$43,Site_Meta!A$2:A$43) -> El Seco 30m | C46: =LOOKUP($D46,Site_Meta!$C$2:$C$43,Site_Meta!B$2:B$43) -> Isla Vieques | D46: SECO30 | E46: =LOOKUP($D46,Site_Meta!$C$2:$C$43,Site_Meta!D$2:D$43) -> Vieques/Culebra | F46: =LOOKUP($D46,Site_Meta!$C$2:$C$43,Site_Meta!E$2:E$43) -> E | G46: =LOOKUP($D46,Site_Meta!$C$2:$C$43,Site_Meta!F$2:F$43) -> 18.13869 | H46: =LOOKUP($D46,Site_Meta!$C$2:$C$43,Site_Meta!G$2:G$43) -> -65.1971 | I46: =LOOKUP($D46,Site_Meta!$C$2:$C$43,Site_Meta!H$2:H$43) -> 30 | J46: 10 | K46: 14 | L46: 2023 | M46: =CONCATENATE(J46,"/",K46,"/",L46) -> 10/14/2023 | N46: Tyrone | O46: Irais | P46: Manuel | R46: 0.31805556 | S46: 0.34375 | T46: 29.81 | U46: 0.54 | V46: 29.34 | W46: 0.54 | X46: 34.2 | Y46: 6.55 | Z46: 0.55 | AA46: 7.89 | AB46: 0.55 | AC46: 29.29 | AD46: 35.45 | AE46: 25.84 | AF46: 35.48 | AG46: 34.6 | AH46: 6.15 | AI46: 35.52 | AJ46: 8.07 | AK46: 35.51 | AL46: >34 | AM46: >34 | AN46: >34 | AO46: =AVERAGE(AL46:AN46) -> #DIV/0! | AP46: 0.5 | AQ46: 35 | AR46: 455 | AS46: 456 | AT46: 457 | AU46: 458 | AV46: 459 | AW46: 460 | AX46: 461 | AY46: 462 | AZ46: 463 | BA46: 464 | BB46: 498 | BC46: HydroLab
A47: 2 | B47: =LOOKUP($D47,Site_Meta!$C$2:$C$43,Site_Meta!A$2:A$43) -> Tourmaline 10m | C47: =LOOKUP($D47,Site_Meta!$C$2:$C$43,Site_Meta!B$2:B$43) -> Cabo Rojo | D47: TOUR10 | E47: =LOOKUP($D47,Site_Meta!$C$2:$C$43,Site_Meta!D$2:D$43) -> West | F47: =LOOKUP($D47,Site_Meta!$C$2:$C$43,Site_Meta!E$2:E$43) -> W | G47: =LOOKUP($D47,Site_Meta!$C$2:$C$43,Site_Meta!F$2:F$43) -> 18.16304 | H47: =LOOKUP($D47,Site_Meta!$C$2:$C$43,Site_Meta!G$2:G$43) -> -67.2737 | I47: =LOOKUP($D47,Site_Meta!$C$2:$C$43,Site_Meta!H$2:H$43) -> 10 | J47: 10 | K47: 5 | L47: 2023 | M47: =CONCATENATE(J47,"/",K47,"/",L47) -> 10/5/2023 | N47: Anibal | O47: Adiana | P47: Erica | Q47: Manuel | R47: 0.42430556 | S47: 0.45 | T47: 30.51 | U47: 0.55 | V47: 90.04 | W47: 0.54 | X47: 34.1 | Y47: 4.54 | Z47: 0.64 | AA47: 8.63 | AB47: 0.77 | AC47: 30.51 | AD47: 9.57 | AE47: 94.4 | AF47: 9.68 | AG47: 34.4 | AH47: 4.37 | AI47: 9.92 | AJ47: 8.68 | AK47: 9.5 | AL47: >10 | AM47: >10 | AN47: >10 | AO47: =AVERAGE(AL47:AN47) -> #DIV/0! | AP47: 0.5 | AQ47: 9.5 | AR47: 213 | AS47: 214 | AT47: 215 | AU47: 216 | AV47: 217 | AW47: 218 | AX47: 219 | AY47: 220 | AZ47: 221 | BA47: 222 | BB47: 300 | BC47: Eureka; Check salinity & pH; missing log file
A48: 2 | B48: =LOOKUP($D48,Site_Meta!$C$2:$C$43,Site_Meta!A$2:A$43) -> Tourmaline 10m | C48: =LOOKUP($D48,Site_Meta!$C$2:$C$43,Site_Meta!B$2:B$43) -> Cabo Rojo | D48: TOUR10 | E48: =LOOKUP($D48,Site_Meta!$C$2:$C$43,Site_Meta!D$2:D$43) -> West | F48: =LOOKUP($D48,Site_Meta!$C$2:$C$43,Site_Meta!E$2:E$43) -> W | G48: =LOOKUP($D48,Site_Meta!$C$2:$C$43,Site_Meta!F$2:F$43) -> 18.16304 | H48: =LOOKUP($D48,Site_Meta!$C$2:$C$43,Site_Meta!G$2:G$43) -> -67.2737 | I48: =LOOKUP($D48,Site_Meta!$C$2:$C$43,Site_Meta!H$2:H$43) -> 10 | J48: 10 | K48: 5 | L48: 2023 | M48: =CONCATENATE(J48,"/",K48,"/",L48) -> 10/5/2023 | N48: Anibal | O48: Adiana | P48: Erica | Q48: Manuel | R48: 0.42430556 | S48: 0.45 | T48: 30.5 | U48: 0.5 | V48: 27.32 | W48: 0.49 | X48: 34.1 | Y48: 6.38 | Z48: 0.56 | AA48: 8.04 | AB48: 0.51 | AC48: 30.53 | AD48: 9.4 | AE48: 27.91 | AF48: 9.54 | AG48: 34.4 | AH48: 6.31 | AI48: 9.51 | AJ48: 8.1 | AK48: 9.55 | AL48: NA | AM48: NA | AN48: NA | AO48: =AVERAGE(AL48:AN48) -> #DIV/0! | AP48: NA | AQ48: NA | AR48: NA | AS48: NA | AT48: NA | AU48: NA | AV48: NA | AW48: NA | AX48: NA | AY48: NA | AZ48: NA | BA48: NA | BB48: NA | BC48: HydroLab
A49: 2 | B49: =LOOKUP($D49,Site_Meta!$C$2:$C$43,Site_Meta!A$2:A$43) -> Tourmaline 20m | C49: =LOOKUP($D49,Site_Meta!$C$2:$C$43,Site_Meta!B$2:B$43) -> Cabo Rojo | D49: TOUR20 | E49: =LOOKUP($D49,Site_Meta!$C$2:$C$43,Site_Meta!D$2:D$43) -> West | F49: =LOOKUP($D49,Site_Meta!$C$2:$C$43,Site_Meta!E$2:E$43) -> W | G49: =LOOKUP($D49,Site_Meta!$C$2:$C$43,Site_Meta!F$2:F$43) -> 18.16517 | H49: =LOOKUP($D49,Site_Meta!$C$2:$C$43,Site_Meta!G$2:G$43) -> -67.2752 | I49: =LOOKUP($D49,Site_Meta!$C$2:$C$43,Site_Meta!H$2:H$43) -> 20 | J49: 10 | K49: 5 | L49: 2023 | M49: =CONCATENATE(J49,"/",K49,"/",L49) -> 10/5/2023 | N49: Anibal | O49: Adiana | P49: Erica | Q49: Manuel | R49: 0.39583333 | S49: 0.41805556 | T49: 30.54 | U49: 0.32 | V49: 119.6 | W49: 0.58 | X49: 34.2 | Y49: 3.3 | Z49: 0.27 | AA49: 8.71 | AB49: 0.4 | AC49: 29.36 | AD49: 22.66 | AE49: 125.3 | AF49: 22.65 | AG49: 34.5 | AH49: 3.76 | AI49: 22.55 | AJ49: 8.75 | AK49: 22.71 | AL49: 10.75 | AM49: 10.75 | AN49: 11 | AO49: =AVERAGE(AL49:AN49) -> 10.833333 | AP49: 0.5 | AQ49: 22 | AR49: 202 | AS49: 203 | AT49: 204 | AU49: 205 | AV49: 206 | AW49: 207 | AX49: 208 | AY49: 209 | AZ49: 210 | BA49: 211 | BB49: 289 | BC49: Eureka; Check salinity & pH; missing log file
A50: 2 | B50: =LOOKUP($D50,Site_Meta!$C$2:$C$43,Site_Meta!A$2:A$43) -> Tourmaline 20m | C50: =LOOKUP($D50,Site_Meta!$C$2:$C$43,Site_Meta!B$2:B$43) -> Cabo Rojo | D50: TOUR20 | E50: =LOOKUP($D50,Site_Meta!$C$2:$C$43,Site_Meta!D$2:D$43) -> West | F50: =LOOKUP($D50,Site_Meta!$C$2:$C$43,Site_Meta!E$2:E$43) -> W | G50: =LOOKUP($D50,Site_Meta!$C$2:$C$43,Site_Meta!F$2:F$43) -> 18.16517 | H50: =LOOKUP($D50,Site_Meta!$C$2:$C$43,Site_Meta!G$2:G$43) -> -67.2752 | I50: =LOOKUP($D50,Site_Meta!$C$2:$C$43,Site_Meta!H$2:H$43) -> 20 | J50: 10 | K50: 5 | L50: 2023 | M50: =CONCATENATE(J50,"/",K50,"/",L50) -> 10/5/2023 | N50: Anibal | O50: Adiana | P50: Erica | Q50: Manuel | R50: 0.39583333 | S50: 0.41805556 | T50: 30.48 | U50: 0.5 | V50: 12.74 | W50: 0.54 | X50: 34.2 | Y50: 6.79 | Z50: 0.54 | AA50: 8.05 | AB50: 0.53 | AC50: 30.54 | AD50: 21.79 | AE50: 13.72 | AF50: 21.65 | AG50: 34.5 | AH50: 6.78 | AI50: 21.69 | AJ50: 8.1 | AK50: 21.08 | AL50: NA | AM50: NA | AN50: NA | AO50: =AVERAGE(AL50:AN50) -> #DIV/0! | AP50: NA | AQ50: NA | AR50: NA | AS50: NA | AT50: NA | AU50: NA | AV50: NA | AW50: NA | AX50: NA | AY50: NA | AZ50: NA | BA50: NA | BB50: NA | BC50: HydroLab
A51: 2 | B51: =LOOKUP($D51,Site_Meta!$C$2:$C$43,Site_Meta!A$2:A$43) -> Tourmaline 30m | C51: =LOOKUP($D51,Site_Meta!$C$2:$C$43,Site_Meta!B$2:B$43) -> Cabo Rojo | D51: TOUR30 | E51: =LOOKUP($D51,Site_Meta!$C$2:$C$43,Site_Meta!D$2:D$43) -> West | F51: =LOOKUP($D51,Site_Meta!$C$2:$C$43,Site_Meta!E$2:E$43) -> W | G51: =LOOKUP($D51,Site_Meta!$C$2:$C$43,Site_Meta!F$2:F$43) -> 18.16637 | H51: =LOOKUP($D51,Site_Meta!$C$2:$C$43,Site_Meta!G$2:G$43) -> -67.2763 | I51: =LOOKUP($D51,Site_Meta!$C$2:$C$43,Site_Meta!H$2:H$43) -> 30 | J51: 10 | K51: 5 | L51: 2023 | M51: =CONCATENATE(J51,"/",K51,"/",L51) -> 10/5/2023 | N51: Anibal | O51: Adiana | P51: Erica | Q51: Manuel | R51: 0.34722222 | S51: 0.37777778 | T51: 30.54 | U51: 0.43 | V51: 120.8 | W51: 0.43 | X51: 34 | Y51: 3.78 | Z51: 0.43 | AA51: 8.71 | AB51: 0.43 | AC51: 29.35 | AD51: 22.85 | AE51: 125 | AF51: 22.85 | AG51: 35.2 | AH51: 3.77 | AI51: 22.85 | AJ51: 8.75 | AK51: 22.85 | AL51: 14.25 | AM51: 14.5 | AN51: 14.5 | AO51: =AVERAGE(AL51:AN51) -> 14.416667 | AP51: 0.5 | AQ51: 27 | AR51: 224 | AS51: 225 | AT51: 226 | AU51: 227 | AV51: 228 | AW51: 229 | AX51: 230 | AY51: 231 | AZ51: 232 | BA51: 233 | BB51: 278 | BC51: Eureka_Log_Oct_5,20,23-25_2023.xlsx; Check salinity & pH
A52: 2 | B52: =LOOKUP($D52,Site_Meta!$C$2:$C$43,Site_Meta!A$2:A$43) -> Tourmaline 30m | C52: =LOOKUP($D52,Site_Meta!$C$2:$C$43,Site_Meta!B$2:B$43) -> Cabo Rojo | D52: TOUR30 | E52: =LOOKUP($D52,Site_Meta!$C$2:$C$43,Site_Meta!D$2:D$43) -> West | F52: =LOOKUP($D52,Site_Meta!$C$2:$C$43,Site_Meta!E$2:E$43) -> W | G52: =LOOKUP($D52,Site_Meta!$C$2:$C$43,Site_Meta!F$2:F$43) -> 18.16637 | H52: =LOOKUP($D52,Site_Meta!$C$2:$C$43,Site_Meta!G$2:G$43) -> -67.2763 | I52: =LOOKUP($D52,Site_Meta!$C$2:$C$43,Site_Meta!H$2:H$43) -> 30 | J52: 10 | K52: 5 | L52: 2023 | M52: =CONCATENATE(J52,"/",K52,"/",L52) -> 10/5/2023 | N52: Anibal | O52: Adiana | P52: Erica | Q52: Manuel | R52: 0.33958333 | S52: 0.37777778 | T52: 30.49 | U52: 0.56 | V52: 35.01 | W52: 0.57 | X52: 34.4 | Y52: 6.19 | Z52: 0.58 | AA52: 8 | AB52: 0.58 | AC52: 29.38 | AD52: 27.45 | AE52: 35.54 | AF52: 27.39 | AG52: 35.2 | AH52: 6.36 | AI52: 27.39 | AJ52: 8.12 | AK52: 28.09 | AL52: NA | AM52: NA | AN52: NA | AO52: =AVERAGE(AL52:AN52) -> #DIV/0! | AP52: NA | AQ52: NA | AR52: NA | AS52: NA | AT52: NA | AU52: NA | AV52: NA | AW52: NA | AX52: NA | AY52: NA | AZ52: NA | BA52: NA | BB52: NA | BC52: HydroLab
A53: 2 | B53: =LOOKUP($D53,Site_Meta!$C$2:$C$43,Site_Meta!A$2:A$43) -> Tres Palmas 05m | C53: =LOOKUP($D53,Site_Meta!$C$2:$C$43,Site_Meta!B$2:B$43) -> Rincon | D53: TRES05 | E53: =LOOKUP($D53,Site_Meta!$C$2:$C$43,Site_Meta!D$2:D$43) -> West | F53: =LOOKUP($D53,Site_Meta!$C$2:$C$43,Site_Meta!E$2:E$43) -> W | G53: =LOOKUP($D53,Site_Meta!$C$2:$C$43,Site_Meta!F$2:F$43) -> 18.35072 | H53: =LOOKUP($D53,Site_Meta!$C$2:$C$43,Site_Meta!G$2:G$43) -> -67.2669 | I53: =LOOKUP($D53,Site_Meta!$C$2:$C$43,Site_Meta!H$2:H$43) -> 5 | J53: 10 | K53: 24 | L53: 2023 | M53: =CONCATENATE(J53,"/",K53,"/",L53) -> 10/24/2023 | N53: Anibal | O53: Adiana | P53: Erica | Q53: Manuel | R53: 0.3875 | S53: 0.40277778 | T53: 30.28 | U53: 0.62 | V53: 35.27 | W53: 0.62 | X53: 33.9 | Y53: 6 | Z53: 0.62 | AA53: 8.16 | AB53: 0.62 | AC53: 30.29 | AD53: 4.9 | AE53: 35.28 | AF53: 4.9 | AG53: 34.4 | AH53: 5.99 | AI53: 4.9 | AJ53: 8.18 | AK53: 4.9 | AL53: >4.5 | AM53: >4.5 | AN53: >4.5 | AO53: =AVERAGE(AL53:AN53) -> #DIV/0! | AP53: 0.5 | AQ53: 4.5 | AR53: 543 | AS53: 544 | AT53: 545 | AU53: 546 | AV53: 547 | AW53: 548 | AX53: 549 | AY53: 550 | AZ53: 551 | BA53: 552 | BB53: 587 | BC53: Eureka_Log_Oct_5,20,23-25_2023.xlsx; Correct depth offset ~0.35 m
A54: 2 | B54: =LOOKUP($D54,Site_Meta!$C$2:$C$43,Site_Meta!A$2:A$43) -> Tres Palmas 10m | C54: =LOOKUP($D54,Site_Meta!$C$2:$C$43,Site_Meta!B$2:B$43) -> Rincon | D54: TRES10 | E54: =LOOKUP($D54,Site_Meta!$C$2:$C$43,Site_Meta!D$2:D$43) -> West | F54: =LOOKUP($D54,Site_Meta!$C$2:$C$43,Site_Meta!E$2:E$43) -> W | G54: =LOOKUP($D54,Site_Meta!$C$2:$C$43,Site_Meta!F$2:F$43) -> 18.34732 | H54: =LOOKUP($D54,Site_Meta!$C$2:$C$43,Site_Meta!G$2:G$43) -> -67.27 | I54: =LOOKUP($D54,Site_Meta!$C$2:$C$43,Site_Meta!H$2:H$43) -> 10 | J54: 10 | K54: 24 | L54: 2023 | M54: =CONCATENATE(J54,"/",K54,"/",L54) -> 10/24/2023 | N54: Anibal | O54: Adiana | P54: Erica | Q54: Manuel | R54: 0.41111111 | S54: 0.43055556 | T54: 30.43 | U54: 0.66 | V54: 35.29 | W54: 0.66 | X54: NA | Y54: 6.2 | Z54: 0.66 | AA54: 8.2 | AB54: 0.66 | AC54: 30.43 | AD54: 10.85 | AE54: 35.35 | AF54: 10.85 | AG54: 33.2 | AH54: 6.15 | AI54: 10.85 | AJ54: 8.2 | AK54: 10.85 | AL54: >9.5 | AM54: >9.5 | AN54: >9.5 | AO54: =AVERAGE(AL54:AN54) -> #DIV/0! | AP54: 0.5 | AQ54: 9.5 | AR54: 554 | AS54: 555 | AT54: 556 | AU54: 557 | AV54: 558 | AW54: 559 | AX54: 560 | AY54: 561 | AZ54: 562 | BA54: 563 | BB54: 377 | BC54: Eureka_Log_Oct_5,20,23-25_2023.xlsx; Correct depth offset ~0.35 m
A55: 2 | B55: =LOOKUP($D55,Site_Meta!$C$2:$C$43,Site_Meta!A$2:A$43) -> Tres Palmas 20m | C55: =LOOKUP($D55,Site_Meta!$C$2:$C$43,Site_Meta!B$2:B$43) -> Rincon | D55: TRES20 | E55: =LOOKUP($D55,Site_Meta!$C$2:$C$43,Site_Meta!D$2:D$43) -> West | F55: =LOOKUP($D55,Site_Meta!$C$2:$C$43,Site_Meta!E$2:E$43) -> W | G55: =LOOKUP($D55,Site_Meta!$C$2:$C$43,Site_Meta!F$2:F$43) -> 18.34652 | H55: =LOOKUP($D55,Site_Meta!$C$2:$C$43,Site_Meta!G$2:G$43) -> -67.2712 | I55: =LOOKUP($D55,Site_Meta!$C$2:$C$43,Site_Meta!H$2:H$43) -> 20 | J55: 10 | K55: 24 | L55: 2023 | M55: =CONCATENATE(J55,"/",K55,"/",L55) -> 10/24/2023 | N55: Anibal | O55: Adiana | P55: Erica | Q55: Manuel | R55: 0.43541667 | S55: 0.45555556 | T55: 30.46 | U55: 0.79 | V55: 35.24 | W55: 0.79 | X55: NA | Y55: 6.14 | Z55: 0.79 | AA55: 8.2 | AB55: 0.79 | AC55: 30.14 | AD55: 18.05 | AE55: 35.62 | AF55: 18.05 | AG55: 34.4 | AH55: 6.14 | AI55: 18.05 | AJ55: 8.21 | AK55: 18.05 | AL55: >17.5 | AM55: >17.5 | AN55: >17.5 | AO55: =AVERAGE(AL55:AN55) -> #DIV/0! | AP55: 0.5 | AQ55: 17.5 | AR55: 565 | AS55: 566 | AT55: 567 | AU55: 568 | AV55: 569 | AW55: 570 | AX55: 571 | AY55: 572 | AZ55: 573 | BA55: 574 | BB55: 588 | BC55: Eureka_Log_Oct_5,20,23-25_2023.xlsx
AS57: UNK!
AS58: UNK!

Sheet data_tac
A1: Sampling_Cycle | B1: Site_Name | C1: Location | D1: Site_Code | E1: Region | F1: Zone | G1: Latitude | H1: Longitude | I1: Depth | J1: Month | K1: Day | L1: Year | M1: Date | N1: Captain | O1: Crew_1 | P1: Crew_2 | Q1: Crew_3 | R1: Time_In | S1: Time_Out | T1: Surface_Temp_C | U1: Surface_Temp_Depth_m | V1: Surface_Sal_psu | W1: Surface_Sal_Depth_m | X1: Surface_DO_mg_L | Y1: Surface_DO_Depth_m | Z1: Surface_pH | AA1: Surface_pH_Depth_m | AB1: Bottom_Temp_C | AC1: Bottom_Temp_Depth_m | AD1: Bottom_Sal_psu | AE1: Bottom_Sal_Depth_m | AF1: Bottom_DO_mg_L | AG1: Bottom_DO_Depth_m | AH1: Bottom_pH | AI1: Bottom_pH_Depth_m | AJ1: Secchi_Depth_1_m | AK1: Secchi_Depth_2_m | AL1: Secchi_Depth_3_m | AM1: Secchi_Avg_Depth | AN1: Surface_Van_Dorn_Depth_m | AO1: Bottom_Van_Dorn_Depth_m | AP1: Surface_TA_DIC | AQ1: Bottom_TA_DIC | AR1: Surface_BOD | AS1: Bottom_BOD | AT1: Chl_a | AU1: Turbidity_NTU | AV1: Settleable_Solids | AW1: Total_Suspended_Solids | AX1: POx_NOx | AY1: TKN | AZ1: Enterococcus | BA1: Note
A2: 2 | B2: Cayo Aurora 5m | C2: Guanica | D2: AURO05 | E2: Southwest | F2: SW | G2: 17.9369 | H2: -66.8738 | I2: 5 | J2: 10 | K2: 4 | L2: 2023 | M2: 10/4/2023 | N2: Anibal | O2: Leira | P2: Manuel | Q2: NA | R2: 0.41666667 | S2: 0.42986111 | T2: 30.87 | U2: 0.54 | V2: 36.66 | W2: 0.52 | X2: 4.73 | Y2: 0.53 | Z2: 7.84 | AA2: 0.53 | AB2: 31.15 | AC2: 3.03 | AD2: 36.49 | AE2: 3.03 | AF2: 4.87 | AG2: 3.03 | AH2: 7.99 | AI2: 3.03 | AJ2: >3 | AK2: >3 | AL2: >3 | AM2: >3 | AN2: 0.5 | AO2: 3 | AP2: 290 | AQ2: 291 | AR2: 292 | AS2: 293 | AT2: 294 | AU2: 295 | AV2: 296 | AW2: 297 | AX2: 298 | AY2: 299 | AZ2: 256 | BA2: HydroLab
A3: 2 | B3: Puerto Botes 15m | C3: Isla Desecheo | D3: BOTE15 | E3: Mona/Desecheo | F3: W | G3: 18.382 | H3: -67.4883 | I3: 15 | J3: 10 | K3: 23 | L3: 2023 | M3: 10/23/2023 | N3: Anibal | O3: Adiana | P3: Leira | Q3: NA | R3: 0.42916667 | S3: 0.45 | T3: 30.21 | U3: 0.52 | V3: 35.94 | W3: 0.52 | X3: 6.38 | Y3: 0.52 | Z3: 8.17 | AA3: 0.52 | AB3: 30.12 | AC3: 16.46 | AD3: 36.04 | AE3: 16.46 | AF3: 6.2 | AG3: 16.46 | AH3: 8.21 | AI3: 16.46 | AJ3: >15 | AK3: >15 | AL3: >15 | AM3: >15 | AN3: 0.5 | AO3: 15 | AP3: 532 | AQ3: 533 | AR3: 534 | AS3: 535 | AT3: 536 | AU3: 537 | AV3: 538 | AW3: 539 | AX3: 540 | AY3: 541 | AZ3: 433 | BA3: Eureka_Log_Oct_5,20,23-25_2023.xlsx; Correct depth offset ~0.35 m
A4: 2 | B4: Puerto Botes 20m | C4: Isla Desecheo | D4: BOTE20 | E4: Mona/Desecheo | F4: W | G4: 18.38158 | H4: -67.4886 | I4: 20 | J4: 10 | K4: 23 | L4: 2023 | M4: 10/23/2023 | N4: Anibal | O4: Adiana | P4: Leira | Q4: NA | R4: 0.39930556 | S4: 0.42638889 | T4: 30.2 | U4: 0.65 | V4: 35.81 | W4: 0.65 | X4: 6.2 | Y4: 0.65 | Z4: 8.18 | AA4: 0.65 | AB4: 30.9 | AC4: 18.89 | AD4: 36.08 | AE4: 18.89 | AF4: 6.19 | AG4: 18.89 | AH4: 8.22 | AI4: 18.89 | AJ4: >18 | AK4: >18 | AL4: >18 | AM4: >18 | AN4: 0.5 | AO4: 18.5 | AP4: 466 | AQ4: 467 | AR4: 468 | AS4: 469 | AT4: 470 | AU4: 471 | AV4: 472 | AW4: 473 | AX4: 474 | AY4: 475 | AZ4: 374 | BA4: Eureka_Log_Oct_5,20,23-25_2023.xlsx; Correct depth offset ~0.35 m
A5: 2 | B5: Boya Vieja 20m | C5: La Parguera | D5: BOYA20 | E5: Southwest | F5: SW | G5: 17.88827 | H5: -66.9978 | I5: 20 | J5: 9 | K5: 19 | L5: 2023 | M5: 9/19/2023 | N5: Anibal | O5: Adiana | P5: Leira | Q5: Manuel | R5: 0.375 | S5: 0.39583333 | T5: 30.4 | U5: 0.63 | V5: 34.49 | W5: 0.59 | X5: 6.22 | Y5: 0.61 | Z5: 7.93 | AA5: 0.65 | AB5: 29.71 | AC5: 19.3 | AD5: 34.8 | AE5: 19.19 | AF5: 6.18 | AG5: 19.1 | AH5: 8.08 | AI5: 19.08 | AJ5: 12 | AK5: 12 | AL5: 12 | AM5: 12 | AN5: 0.5 | AO5: 19 | AP5: 179 | AQ5: 178 | AR5: 110 | AS5: 109 | AT5: 53 | AU5: 55 | AV5: 56 | AW5: 53 | AX5: 70 | AY5: 76 | AZ5: 47 | BA5: HydroLab
A6: 2 | B6: Cabezas de San Juan 5m | C6: Fajardo | D6: CABE05 | E6: North/Northeast | F6: E | G6: 18.38544 | H6: -65.6297 | I6: 5 | J6: 10 | K6: 15 | L6: 2023 | M6: 10/15/2023 | N6: Tyrone | O6: Adiana | P6: Manuel | Q6: NA | R6: 0.28541667 | S6: 0.30208333 | T6: 29.88 | U6: 0.47 | V6: 36.32 | W6: 0.51 | X6: 5.76 | Y6: 0.52 | Z6: 7.09 | AA6: 0.52 | AB6: 30.05 | AC6: 7.43 | AD6: 35.96 | AE6: 7.44 | AF6: 5.74 | AG6: 7.44 | AH6: 7.14 | AI6: 7.4 | AJ6: >7.5 | AK6: >7.5 | AL6: >7.5 | AM6: >7.5 | AN6: 0.5 | AO6: 7.5 | AP6: 400 | AQ6: 401 | AR6: 402 | AS6: 403 | AT6: 404 | AU6: 405 | AV6: 406 | AW6: 407 | AX6: 408 | AY6: 409 | AZ6: 531 | BA6: HydroLab
A7: 2 | B7: Canjilones 15m | C7: Isla Vieques | D7: CANJ15 | E7: Vieques/Culebra | F7: E | G7: 18.08964 | H7: -65.5901 | I7: 15 | J7: 10 | K7: 14 | L7: 2023 | M7: 10/14/2023 | N7: Tyrone | O7: Irais | P7: Manuel | Q7: NA | R7: 0.425 | S7: 0.44236111 | T7: 30.13 | U7: 0.51 | V7: 34.83 | W7: 0.51 | X7: 6.35 | Y7: 0.5 | Z7: 7.05 | AA7: 0.51 | AB7: 30.02 | AC7: 14.97 | AD7: 35.61 | AE7: 15 | AF7: 5.48 | AG7: 15 | AH7: 6.9 | AI7: 15.01 | AJ7: >15 | AK7: >15 | AL7: >15 | AM7: >15 | AN7: 0.5 | AO7: 15 | AP7: 444 | AQ7: 445 | AR7: 446 | AS7: 447 | AT7: 448 | AU7: 449 | AV7: 450 | AW7: 451 | AX7: 452 | AY7: 453 | AZ7: 520 | BA7: Hydrolab; Check salinity & pH
A8: 2 | B8: Puerto Canoas 30m | C8: Isla Desecheo | D8: CANO30 | E8: Mona/Desecheo | F8: W | G8: 18.37747 | H8: -67.484 | I8: 30 | J8: 10 | K8: 23 | L8: 2023 | M8: 10/23/2023 | N8: Anibal | O8: Adiana | P8: Leira | Q8: NA | R8: 0.45763889 | S8: 0.48333333 | T8: 30.25 | U8: 0.51 | V8: 36.05 | W8: 0.53 | X8: 6.33 | Y8: 0.56 | Z8: 8.2 | AA8: 0.52 | AB8: 30.19 | AC8: 26.61 | AD8: 36.05 | AE8: 26.65 | AF8: 6.22 | AG8: 26.52 | AH8: 8.22 | AI8: 26.67 | AJ8: >26.5 | AK8: >26.5 | AL8: >26.5 | AM8: >26.5 | AN8: 0.5 | AO8: 26.5 | AP8: 521 | AQ8: 522 | AR8: 523 | AS8: 524 | AT8: 525 | AU8: 526 | AV8: 527 | AW8: 528 | AX8: 529 | AY8: 530 | AZ8: 542 | BA8: Eureka; Correct depth offset ~0.35 m
A9: 2 | B9: Puerto Canoas 30m | C9: Isla Desecheo | D9: CANO30-R | E9: Mona/Desecheo | F9: W | G9: 18.37747 | H9: -67.484 | I9: 30 | J9: 10 | K9: 23 | L9: 2023 | M9: 10/23/2023 | N9: Anibal | O9: Adiana | P9: Leira | Q9: NA | R9: 0.48611111 | S9: 0.50625 | T9: 30.27 | U9: 0.57 | V9: 35.85 | W9: 0.57 | X9: 6.27 | Y9: 0.57 | Z9: 8.22 | AA9: 0.57 | AB9: 30.19 | AC9: 29.12 | AD9: 34.37 | AE9: 29.12 | AF9: 6.3 | AG9: 29.12 | AH9: 8.22 | AI9: 29.12 | AJ9: >29 | AK9: >29 | AL9: >29 | AM9: >29 | AN9: 0.5 | AO9: 29 | AP9: 510 | AQ9: 511 | AR9: 512 | AS9: 513 | AT9: 514 | AU9: 515 | AV9: 516 | AW9: 517 | AX9: 518 | AY9: 519 | AZ9: 399 | BA9: Eureka_Log_Oct_5,20,23-25_2023.xlsx; Correct depth offset ~0.35 m
A10: 2 | B10: Cayo Caribes 10m | C10: Salinas | D10: CARI10 | E10: Southeast | F10: S | G10: 17.91533 | H10: -66.2141 | I10: 10 | J10: 9 | K10: 21 | L10: 2023 | M10: 9/21/2023 | N10: Anibal | O10: Adiana | P10: Juanita | Q10: Manuel | R10: 0.36805556 | S10: 0.39583333 | T10: 30.62 | U10: 0.54 | V10: 35.85 | W10: 0.55 | X10: 6.1 | Y10: 0.56 | Z10: 7.94 | AA10: 0.56 | AB10: 30.84 | AC10: 9.51 | AD10: 35.55 | AE10: 9.5 | AF10: 6.05 | AG10: 9.62 | AH10: 8.08 | AI10: 9.62 | AJ10: >10 | AK10: >10 | AL10: >10 | AM10: >10 | AN10: 0.5 | AO10: 9.5 | AP10: 184 | AQ10: 185 | AR10: 115 | AS10: 116 | AT10: 56 | AU10: 58 | AV10: 59 | AW10: 56 | AX10: 73 | AY10: 79 | AZ10: 65 | BA10: HydroLab
A11: 2 | B11: West Reef 10m | C11: Ponce | D11: CDMU10 | E11: South | F11: S | G11: 17.89502 | H11: -66.5284 | I11: 10 | J11: 9 | K11: 21 | L11: 2023 | M11: 9/21/2023 | N11: Anibal | O11: Adiana | P11: Juanita | Q11: Manuel | R11: 0.44722222 | S11: 0.46111111 | T11: 30.86 | U11: 0.59 | V11: 34.73 | W11: 0.59 | X11: 6.52 | Y11: 0.62 | Z11: 8.03 | AA11: 0.68 | AB11: 30.62 | AC11: 8.03 | AD11: 34.72 | AE11: 7.9 | AF11: 6.64 | AG11: 7.77 | AH11: 8.09 | AI11: 7.57 | AJ11: >8 | AK11: >8 | AL11: >8 | AM11: >8 | AN11: 0.5 | AO11: 7.5 | AP11: 200 | AQ11: 201 | AR11: 131 | AS11: 132 | AT11: 64 | AU11: 66 | AV11: 67 | AW11: 64 | AX11: 81 | AY11: 87 | AZ11: 56 | BA11: HydroLab
A12: 2 | B12: Cibuco 05m | C12: Vega Baja | D12: CIBU05 | E12: North/Northeast | F12: N | G12: 18.48955 | H12: -66.3736 | I12: 10 | J12: 10 | K12: 6 | L12: 2023 | M12: 10/6/2023 | N12: Rodolfo | O12: Leira | P12: Manuel | Q12: NA | R12: 0.27847222 | S12: 0.29236111 | T12: 29.65 | U12: 0.42 | V12: 34.71 | W12: 0.42 | X12: 5.79 | Y12: 0.45 | Z12: 7.69 | AA12: 0.49 | AB12: 29.85 | AC12: 1.92 | AD12: 34.45 | AE12: 1.97 | AF12: 5.73 | AG12: 2.01 | AH12: 7.95 | AI12: 2.03 | AJ12: >2.5 | AK12: >2.5 | AL12: >2.5 | AM12: >2.5 | AN12: 0.5 | AO12: 2 | AP12: 323 | AQ12: 324 | AR12: 325 | AS12: 326 | AT12: 327 | AU12: 328 | AV12: 329 | AW12: 330 | AX12: 331 | AY12: 332 | AZ12: 311 | BA12: Check salinity & pH
A13: 2 | B13: Cibuco 05m | C13: Vega Baja | D13: CIBU05-R | E13: North/Northeast | F13: N | G13: 18.48955 | H13: -66.3736 | I13: 10 | J13: 10 | K13: 6 | L13: 2023 | M13: 10/6/2023 | N13: Rodolfo | O13: Leira | P13: Manuel | Q13: NA | R13: 0.29722222 | S13: 0.30555556 | T13: 29.85 | U13: 0.49 | V13: 31.76 | W13: 0.52 | X13: 5.88 | Y13: 0.51 | Z13: 7.74 | AA13: 0.52 | AB13: 29.9 | AC13: 2.45 | AD13: NA | AE13: 2.5 | AF13: 6.72 | AG13: 2.5 | AH13: 8.01 | AI13: 2.48 | AJ13: >2.5 | AK13: >2.5 | AL13: >2.5 | AM13: >2.5 | AN13: 0.5 | AO13: 2.5 | AP13: 334 | AQ13: 335 | AR13: 336 | AS13: 337 | AT13: 338 | AU13: 339 | AV13: 340 | AW13: 341 | AX13: 342 | AY13: 343 | AZ13: 322 | BA13: Check salinity & pH
A14: 2 | B14: Cayo Coral 10m | C14: Guanica | D14: CORA10 | E14: Southwest | F14: SW | G14: 17.9362 | H14: -66.8884 | I14: 10 | J14: 10 | K14: 4 | L14: 2023 | M14: 10/4/2023 | N14: Anibal | O14: Leira | P14: Manuel | Q14: NA | R14: 0.43472222 | S14: 0.44930556 | T14: 31.21 | U14: 0.49 | V14: 36.03 | W14: 0.49 | X14: 5.77 | Y14: 0.49 | Z14: 7.94 | AA14: 0.49 | AB14: 30.99 | AC14: 8.9 | AD14: 36.45 | AE14: 8.96 | AF14: 3.87 | AG14: 8.99 | AH14: 7.95 | AI14: 9 | AJ14: >9 | AK14: >9 | AL14: >9 | AM14: >9 | AN14: 0.5 | AO14: 9 | AP14: 279 | AQ14: 280 | AR14: 281 | AS14: 282 | AT14: 283 | AU14: 284 | AV14: 285 | AW14: 286 | AX14: 287 | AY14: 288 | AZ14: 267 | BA14: HydroLab
A15: 2 | B15: Carlos Rosario 10m | C15: Isla Culebra | D15: CROS10 | E15: Vieques/Culebra | F15: E | G15: 18.32779 | H15: -65.332 | I15: 10 | J15: 10 | K15: 13 | L15: 2023 | M15: 10/13/2023 | N15: Tyrone | O15: Adiana | P15: Manuel | Q15: NA | R15: 0.39166667 | S15: 0.40833333 | T15: 29.89 | U15: 0.44 | V15: 36.07 | W15: 0.49 | X15: 6.11 | Y15: 0.5 | Z15: 7.92 | AA15: 0.5 | AB15: 29.9 | AC15: 10.01 | AD15: 35.89 | AE15: 9.95 | AF15: 6.06 | AG15: 9.97 | AH15: 8.1 | AI15: 9.98 | AJ15: >10 | AK15: >10 | AL15: >10 | AM15: >10 | AN15: 0.5 | AO15: 10 | AP15: 356 | AQ15: 357 | AR15: 358 | AS15: 359 | AT15: 360 | AU15: 361 | AV15: 362 | AW15: 363 | AX15: 364 | AY15: 365 | AZ15: 487 | BA15: Hydrolab; Check salinity & pH
A16: 2 | B16: Dakiti 20m | C16: Isla Culebra | D16: DAKI20 | E16: Vieques/Culebra | F16: E | G16: 18.27587 | H16: -65.2773 | I16: 20 | J16: 10 | K16: 13 | L16: 2023 | M16: 10/13/2023 | N16: Tyrone | O16: Adiana | P16: Manuel | Q16: NA | R16: 0.3 | S16: 0.32083333 | T16: 29.56 | U16: 0.52 | V16: 36.04 | W16: 0.55 | X16: 6.26 | Y16: 0.55 | Z16: 7.78 | AA16: 0.52 | AB16: 29.92 | AC16: 20.07 | AD16: 36.23 | AE16: 20.07 | AF16: 5.52 | AG16: 20.06 | AH16: 8.05 | AI16: 20.06 | AJ16: >20 | AK16: >20 | AL16: >20 | AM16: >20 | AN16: 0.5 | AO16: 20 | AP16: 389 | AQ16: 390 | AR16: 391 | AS16: 392 | AT16: 393 | AU16: 394 | AV16: 395 | AW16: 396 | AX16: 397 | AY16: 398 | AZ16: 454 | BA16: Hydrolab; Check salinity & pH
A17: 2 | B17: Dakiti 20m | C17: Isla Culebra | D17: DAKI20-R | E17: Vieques/Culebra | F17: E | G17: 18.27587 | H17: -65.2773 | I17: 20 | J17: 10 | K17: 13 | L17: 2023 | M17: 10/13/2023 | N17: Tyrone | O17: Adiana | P17: Manuel | Q17: NA | R17: 0.32638889 | S17: 0.34166667 | T17: 29.7 | U17: 0.5 | V17: 35.99 | W17: 0.5 | X17: 6.13 | Y17: 0.49 | Z17: 7.94 | AA17: 0.48 | AB17: 29.92 | AC17: 19.93 | AD17: 36.2 | AE17: 19.97 | AF17: 5.72 | AG17: 19.98 | AH17: 8.08 | AI17: 19.97 | AJ17: >20 | AK17: >20 | AL17: >20 | AM17: >20 | AN17: 0.5 | AO17: 20 | AP17: 312 | AQ17: 313 | AR17: 314 | AS17: 315 | AT17: 316 | AU17: 317 | AV17: 318 | AW17: 319 | AX17: 320 | AY17: 321 | AZ17: 465 | BA17: Hydrolab; Check salinity & pH
A18: 2 | B18: Derrumbadero 20m | C18: Ponce | D18: DERR20 | E18: South | F18: S | G18: 17.904 | H18: -66.6086 | I18: 20 | J18: 9 | K18: 21 | L18: 2023 | M18: 9/21/2023 | N18: Anibal | O18: Adiana | P18: Juanita | Q18: Manuel | R18: 0.47569444 | S18: 0.49722222 | T18: 30.9 | U18: 0.63 | V18: 34.36 | W18: 0.67 | X18: 6.32 | Y18: 0.7 | Z18: 8.08 | AA18: 0.7 | AB18: 30.12 | AC18: 16.5 | AD18: 35 | AE18: 17 | AF18: 6.2 | AG18: 17.3 | AH18: 8.06 | AI18: 17.33 | AJ18: 12.25 | AK18: 12.5 | AL18: 12.75 | AM18: 12.5 | AN18: 0.5 | AO18: 17 | AP18: 190 | AQ18: 191 | AR18: 121 | AS18: 122 | AT18: 59 | AU18: 61 | AV18: 62 | AW18: 59 | AX18: 76 | AY18: 82 | AZ18: 57 | BA18: HydroLab
A19: 2 | B19: Cayo Diablo 5m | C19: Fajardo | D19: DIAB05 | E19: North/Northeast | F19: E | G19: 18.36033 | H19: -65.5309 | I19: 5 | J19: 10 | K19: 15 | L19: 2023 | M19: 10/15/2023 | N19: Tyrone | O19: Adiana | P19: Manuel | Q19: NA | R19: 0.32291667 | S19: 0.33611111 | T19: 30.24 | U19: 0.44 | V19: 35.88 | W19: 0.43 | X19: 6.01 | Y19: 0.43 | Z19: 7.83 | AA19: 0.43 | AB19: 30.28 | AC19: 3.5 | AD19: 35.86 | AE19: 3.4 | AF19: 5.79 | AG19: 3.3 | AH19: 8 | AI19: 3.3 | AJ19: >3.5 | AK19: >3.5 | AL19: >3.5 | AM19: >3.5 | AN19: 0.5 | AO19: 3.5 | AP19: 411 | AQ19: 412 | AR19: 413 | AS19: 414 | AT19: 415 | AU19: 416 | AV19: 417 | AW19: 418 | AX19: 419 | AY19: 420 | AZ19: 410 | BA19: HydroLab
A20: 2 | B20: Dominos 5m | C20: San Juan | D20: DOMI05 | E20: North/Northeast | F20: N | G20: 18.46222 | H20: -66.0517 | I20: 5 | J20: 10 | K20: 6 | L20: 2023 | M20: 10/6/2023 | N20: Rodolfo | O20: Leira | P20: Manuel | Q20: NA | R20: 0.39722222 | S20: 0.41111111 | T20: 29.85 | U20: 0.63 | V20: NA | W20: 0.53 | X20: 6.67 | Y20: 0.44 | Z20: 7.96 | AA20: 0.45 | AB20: 29.81 | AC20: 4 | AD20: NA | AE20: 4.03 | AF20: 7.02 | AG20: 4.04 | AH20: 8.05 | AI20: 4.02 | AJ20: >4.5 | AK20: >4.5 | AL20: >4.5 | AM20: >4.5 | AN20: 0.5 | AO20: 4 | AP20: 301 | AQ20: 302 | AR20: 303 | AS20: 304 | AT20: 305 | AU20: 306 | AV20: 307 | AW20: 308 | AX20: 309 | AY20: 310 | AZ20: 333 | BA20: Check salinity & pH
A21: 2 | B21: Esperanza 10m | C21: Isla Vieques | D21: ESPE10 | E21: Vieques/Culebra | F21: E | G21: 18.08057 | H21: -65.4879 | I21: 10 | J21: 10 | K21: 14 | L21: 2023 | M21: 10/14/2023 | N21: Tyrone | O21: Irais | P21: Manuel | Q21: NA | R21: 0.38541667 | S21: 0.40555556 | T21: 30.3 | U21: 0.55 | V21: 35.32 | W21: 0.55 | X21: 6.36 | Y21: 0.54 | Z21: 7.69 | AA21: 0.54 | AB21: 30.13 | AC21: 12.03 | AD21: 35.49 | AE21: 12.02 | AF21: 6.2 | AG21: 12.03 | AH21: NA | AI21: 12 | AJ21: >12 | AK21: >12 | AL21: >12 | AM21: >12 | AN21: 0.5 | AO21: 12 | AP21: 345 | AQ21: 346 | AR21: 347 | AS21: 348 | AT21: 349 | AU21: 350 | AV21: 351 | AW21: 352 | AX21: 353 | AY21: 354 | AZ21: 509 | BA21: Hydrolab; Check salinity & pH
A22: 2 | B22: Efras Wall 20m | C22: La Parguera | D22: EWAL20 | E22: Southwest | F22: SW | G22: 17.8976 | H22: -66.9599 | I22: 20 | J22: 9 | K22: 19 | L22: 2023 | M22: 9/19/2023 | N22: Anibal | O22: Adiana | P22: Leira | Q22: Manuel | R22: 0.33333333 | S22: 0.36041667 | T22: 30.05 | U22: 0.6 | V22: 34.87 | W22: 0.61 | X22: 6.35 | Y22: 0.62 | Z22: 7.7 | AA22: 0.61 | AB22: 30.16 | AC22: 17.28 | AD22: 34.76 | AE22: 17.4 | AF22: 5.73 | AG22: 17.51 | AH22: 8.06 | AI22: 17.5 | AJ22: 10.25 | AK22: 10 | AL22: 10.5 | AM22: 10.25 | AN22: 0.5 | AO22: 17.5 | AP22: 182 | AQ22: 183 | AR22: 113 | AS22: 114 | AT22: 55 | AU22: 57 | AV22: 58 | AW22: 55 | AX22: 72 | AY22: 78 | AZ22: 48 | BA22: HydroLab
A23: 2 | B23: Gallardo 5m | C23: Cabo Rojo | D23: GALL05 | E23: West | F23: W | G23: 18.0017 | H23: -67.3299 | I23: 5 | J23: 9 | K23: 20 | L23: 2023 | M23: 9/20/2023 | N23: Anibal | O23: Adiana | P23: Manuel | Q23: NA | R23: 0.37152778 | S23: 0.38888889 | T23: 30.51 | U23: 0.6 | V23: 33.89 | W23: 0.61 | X23: 5.77 | Y23: 0.62 | Z23: 7.83 | AA23: 0.58 | AB23: 30.58 | AC23: 6.6 | AD23: 33.94 | AE23: 6.55 | AF23: 5.75 | AG23: 6.58 | AH23: 8.02 | AI23: 6.63 | AJ23: >6.5 | AK23: >6.5 | AL23: >6.5 | AM23: >6.5 | AN23: 0.5 | AO23: 6.5 | AP23: 187 | AQ23: 186 | AR23: 117 | AS23: 118 | AT23: 57 | AU23: 59 | AV23: 60 | AW23: 57 | AX23: 74 | AY23: 80 | AZ23: 50 | BA23: HydroLab; No HOBO
A24: 2 | B24: Guanajibo 20m | C24: Mayaguez | D24: GUAN20 | E24: West | F24: W | G24: 18.17202 | H24: -67.253 | I24: 20 | J24: 10 | K24: 25 | L24: 2023 | M24: 10/25/2023 | N24: Orlando | O24: Adiana | P24: Manuel | Q24: NA | R24: 0.37916667 | S24: 0.39444444 | T24: 30.34 | U24: 0.34 | V24: 35.44 | W24: 0.34 | X24: 6.12 | Y24: 0.34 | Z24: 8.2 | AA24: 0.34 | AB24: 30.02 | AC24: 11.18 | AD24: 35.77 | AE24: 11.18 | AF24: 6.09 | AG24: 11.18 | AH24: 8.21 | AI24: 11.18 | AJ24: >16 | AK24: >16 | AL24: >16 | AM24: >16 | AN24: 0.5 | AO24: 18 | AP24: 587 | AQ24: 588 | AR24: 589 | AS24: 590 | AT24: 591 | AU24: 592 | AV24: 593 | AW24: 594 | AX24: 595 | AY24: 596 | AZ24: 586 | BA24: Eureka_Log_Oct_5,20,23-25_2023.xlsx
A25: 2 | B25: Canal Luis Pena 5m | C25: Isla Culebra | D25: LPEN05 | E25: Vieques/Culebra | F25: E | G25: 18.30493 | H25: -65.3277 | I25: 5 | J25: 10 | K25: 13 | L25: 2023 | M25: 10/13/2023 | N25: Tyrone | O25: Adiana | P25: Manuel | Q25: NA | R25: 0.35625 | S25: 0.37083333 | T25: 29.67 | U25: 0.51 | V25: 35.88 | W25: 0.51 | X25: 5.84 | Y25: 0.52 | Z25: 7.73 | AA25: 0.52 | AB25: 29.81 | AC25: 4.58 | AD25: 35.82 | AE25: 4.53 | AF25: 5.82 | AG25: 4.53 | AH25: 8.03 | AI25: 4.53 | AJ25: >5 | AK25: >5 | AL25: >5 | AM25: >5 | AN25: 0.5 | AO25: 5 | AP25: 378 | AQ25: 379 | AR25: 380 | AS25: 381 | AT25: 382 | AU25: 383 | AV25: 384 | AW25: 385 | AX25: 387 | AY25: 386 | AZ25: 476 | BA25: Hydrolab; Check salinity & pH
A26: 2 | B26: Manchas Exteriores 10m | C26: Mayaguez | D26: MEXT10 | E26: West | F26: W | G26: 18.23353 | H26: -67.2006 | I26: 10 | J26: 10 | K26: 23 | L26: 2023 | M26: 10/23/2023 | N26: Anibal | O26: Adiana | P26: Leira | Q26: NA | R26: 0.57638889 | S26: 0.60208333 | T26: 30.71 | U26: 0.51 | V26: 35.33 | W26: 0.51 | X26: 6.21 | Y26: 0.51 | Z26: 8.12 | AA26: 0.51 | AB26: 30.66 | AC26: 10.96 | AD26: 35.43 | AE26: 10.96 | AF26: 6.22 | AG26: 10.96 | AH26: 8.19 | AI26: 10.96 | AJ26: >10 | AK26: >10 | AL26: >10 | AM26: >10 | AN26: 0.5 | AO26: 10 | AP26: 499 | AQ26: 500 | AR26: 501 | AS26: 502 | AT26: 503 | AU26: 504 | AV26: 505 | AW26: 506 | AX26: 507 | AY26: 508 | AZ26: 355 | BA26: Eureka_Log_Oct_5,20,23-25_2023.xlsx
A27: 2 | B27: Manchas Exteriores 20m | C27: Mayaguez | D27: MEXT20 | E27: West | F27: W | G27: 18.2335 | H27: -67.2009 | I27: 20 | J27: 10 | K27: 24 | L27: 2023 | M27: 10/24/2023 | N27: Anibal | O27: Adiana | P27: Erica | Q27: Manuel | R27: 0.48263889 | S27: 0.50138889 | T27: 30.75 | U27: 0.74 | V27: 35.28 | W27: 0.74 | X27: 6.22 | Y27: 0.74 | Z27: 8.19 | AA27: 0.74 | AB27: 29.77 | AC27: 18.66 | AD27: 35.83 | AE27: 18.66 | AF27: 6.07 | AG27: 18.66 | AH27: 8.2 | AI27: 18.66 | AJ27: 11.25 | AK27: 11.25 | AL27: 10.75 | AM27: 11.1 | AN27: 0.5 | AO27: 18 | AP27: 576 | AQ27: 577 | AR27: 578 | AS27: 579 | AT27: 580 | AU27: 581 | AV27: 582 | AW27: 583 | AX27: 584 | AY27: 585 | AZ27: 388 | BA27: Eureka_Log_Oct_5,20,23-25_2023.xlsx; Correct depth offset ~0.35 m
A28: 2 | B28: Maria Langa 5m | C28: Guayanilla | D28: MLAN05 | E28: South | F28: S | G28: 17.96488 | H28: -66.7565 | I28: 5 | J28: 10 | K28: 4 | L28: 2023 | M28: 10/4/2023 | N28: Anibal | O28: Leira | P28: Manuel | Q28: NA | R28: 0.36736111 | S28: 0.38402778 | T28: 31.17 | U28: 0.53 | V28: 36.24 | W28: 0.55 | X28: 5.11 | Y28: 0.54 | Z28: 7.9 | AA28: 0.54 | AB28: 30.96 | AC28: 4.1 | AD28: 36.48 | AE28: 4.07 | AF28: 5.05 | AG28: 4.02 | AH28: 8.02 | AI28: 4.02 | AJ28: >4 | AK28: >4 | AL28: >4 | AM28: >4 | AN28: 0.5 | AO28: 4 | AP28: 257 | AQ28: 258 | AR28: 259 | AS28: 260 | AT28: 261 | AU28: 262 | AV28: 263 | AW28: 264 | AX28: 265 | AY28: 266 | AZ28: 234 | BA28: HydroLab
A29: 2 | B29: Maria Langa 5m | C29: Guayanilla | D29: MLAN05-R | E29: South | F29: S | G29: 17.96488 | H29: -66.7565 | I29: 5 | J29: 10 | K29: 4 | L29: 2023 | M29: 10/4/2023 | N29: Anibal | O29: Leira | P29: Manuel | Q29: NA | R29: 0.38402778 | S29: 0.39722222 | T29: 31.04 | U29: 0.58 | V29: 36.3 | W29: 0.6 | X29: 4.37 | Y29: 0.6 | Z29: 7.83 | AA29: 0.6 | AB29: 31.02 | AC29: 2.94 | AD29: 36.25 | AE29: 3.18 | AF29: 5.01 | AG29: 3.14 | AH29: 7.99 | AI29: 3.02 | AJ29: >3 | AK29: >3 | AL29: >3 | AM29: >3 | AN29: 0.5 | AO29: 3 | AP29: 268 | AQ29: 269 | AR29: 270 | AS29: 271 | AT29: 272 | AU29: 273 | AV29: 274 | AW29: 275 | AX29: 276 | AY29: 277 | AZ29: 245 | BA29: HydroLab
A30: 2 | B30: Maria Langa 10m | C30: Guayanilla | D30: MLAN10 | E30: South | F30: S | G30: 17.96093 | H30: -66.7529 | I30: 10 | J30: 10 | K30: 4 | L30: 2023 | M30: 10/4/2023 | N30: Anibal | O30: Leira | P30: Manuel | Q30: NA | R30: 0.34236111 | S30: 0.36041667 | T30: 30.8 | U30: 0.53 | V30: 36.49 | W30: 0.58 | X30: 5.51 | Y30: 0.57 | Z30: 7.92 | AA30: 0.56 | AB30: 30.72 | AC30: 8.76 | AD30: 36.5 | AE30: 8.82 | AF30: 5.41 | AG30: 8.86 | AH30: 8.04 | AI30: 8.92 | AJ30: >8.75 | AK30: >8.75 | AL30: >8.75 | AM30: >8.75 | AN30: 0.5 | AO30: 8 | AP30: 246 | AQ30: 247 | AR30: 248 | AS30: 249 | AT30: 250 | AU30: 251 | AV30: 252 | AW30: 253 | AX30: 254 | AY30: 255 | AZ30: 223 | BA30: HydroLab
A31: 2 | B31: Maria Langa 20m | C31: Guayanilla | D31: MLAN20 | E31: South | F31: S | G31: 17.95953 | H31: -66.747 | I31: 20 | J31: 10 | K31: 4 | L31: 2023 | M31: 10/4/2023 | N31: Anibal | O31: Leira | P31: Manuel | Q31: NA | R31: 0.30555556 | S31: 0.33680556 | T31: 31 | U31: 0.58 | V31: 36.36 | W31: 0.59 | X31: 5.05 | Y31: 0.58 | Z31: 7.4 | AA31: 0.59 | AB31: 30.37 | AC31: 18.5 | AD31: 36.95 | AE31: 18.5 | AF31: 6.04 | AG31: 18.05 | AH31: 8.08 | AI31: 17.87 | AJ31: 11.25 | AK31: 11.25 | AL31: 11.25 | AM31: 11.25 | AN31: 0.5 | AO31: 18 | AP31: 235 | AQ31: 236 | AR31: 237 | AS31: 238 | AT31: 239 | AU31: 240 | AV31: 241 | AW31: 242 | AX31: 243 | AY31: 244 | AZ31: 212 | BA31: HydroLab
A32: 2 | B32: Media Luna 5m | C32: La Parguera | D32: MLUN05 | E32: Southwest | F32: SW | G32: 17.93937 | H32: -67.0507 | I32: 5 | J32: 9 | K32: 19 | L32: 2023 | M32: 9/19/2023 | N32: Anibal | O32: Adiana | P32: Leira | Q32: Manuel | R32: 0.42986111 | S32: 0.44722222 | T32: 31.25 | U32: 0.6 | V32: 34 | W32: 0.56 | X32: 5.89 | Y32: 0.57 | Z32: 7.99 | AA32: 0.6 | AB32: 31.01 | AC32: 3.2 | AD32: 34.26 | AE32: 3.08 | AF32: 5.89 | AG32: 3.09 | AH32: 8.03 | AI32: 3.07 | AJ32: >3.5 | AK32: >3.5 | AL32: >3.5 | AM32: >3.5 | AN32: 0.5 | AO32: 3 | AP32: 176 | AQ32: 177 | AR32: 107 | AS32: 108 | AT32: 52 | AU32: 54 | AV32: 55 | AW32: 52 | AX32: 69 | AY32: 75 | AZ32: 55 | BA32: HydroLab
A33: 2 | B33: Media Luna 10m | C33: La Parguera | D33: MLUN10 | E33: Southwest | F33: SW | G33: 17.93472 | H33: -67.0485 | I33: 10 | J33: 9 | K33: 19 | L33: 2023 | M33: 9/19/2023 | N33: Anibal | O33: Adiana | P33: Leira | Q33: Manuel | R33: 0.40763889 | S33: 0.425 | T33: 30.92 | U33: 0.55 | V33: 34.16 | W33: 0.56 | X33: 6.11 | Y33: 0.56 | Z33: 7.97 | AA33: 0.5 | AB33: 30.8 | AC33: 5.6 | AD33: 34.2 | AE33: 5.65 | AF33: 6.12 | AG33: 5.64 | AH33: 8.06 | AI33: 5.65 | AJ33: >5.5 | AK33: >5.5 | AL33: >5.5 | AM33: >5.5 | AN33: 0.5 | AO33: 5 | AP33: 181 | AQ33: 180 | AR33: 111 | AS33: 112 | AT33: 54 | AU33: 56 | AV33: 57 | AW33: 54 | AX33: 71 | AY33: 77 | AZ33: 49 | BA33: HydroLab
A34: 2 | B34: El Negro 5m | C34: Cabo Rojo | D34: NEGR05 | E34: West | F34: W | G34: 18.14658 | H34: -67.2476 | I34: 5 | J34: 10 | K34: 25 | L34: 2023 | M34: 10/25/2023 | N34: Orlando | O34: Adiana | P34: Manuel | Q34: NA | R34: 0.32777778 | S34: 0.34166667 | T34: 30.35 | U34: 0.55 | V34: 35.11 | W34: 0.55 | X34: 6.03 | Y34: 0.55 | Z34: 8.17 | AA34: 0.55 | AB34: 30.04 | AC34: 8.76 | AD34: 35.71 | AE34: 8.76 | AF34: 5.88 | AG34: 8.76 | AH34: 8.19 | AI34: 8.76 | AJ34: >7.5 | AK34: >7.5 | AL34: >7.5 | AM34: >7.5 | AN34: 0.5 | AO34: 7.5 | AP34: 477 | AQ34: 478 | AR34: 479 | AS34: 480 | AT34: 481 | AU34: 482 | AV34: 483 | AW34: 484 | AX34: 485 | AY34: 486 | AZ34: 575 | BA34: Eureka_Log_Oct_5,20,23-25_2023.xlsx
A35: 2 | B35: El Negro 10m | C35: Cabo Rojo | D35: NEGR10 | E35: West | F35: W | G35: 18.14653 | H35: -67.248 | I35: 10 | J35: 10 | K35: 25 | L35: 2023 | M35: 10/25/2023 | N35: Orlando | O35: Adiana | P35: Manuel | Q35: NA | R35: 0.34722222 | S35: 0.36319444 | T35: 30.31 | U35: 0.47 | V35: 35.38 | W35: 0.47 | X35: 6.29 | Y35: 0.47 | Z35: 8.15 | AA35: 0.47 | AB35: 29.89 | AC35: 19.01 | AD35: 35.87 | AE35: 19.01 | AF35: 5.99 | AG35: 19.01 | AH35: 8.2 | AI35: 19.01 | AJ35: 10 | AK35: 10 | AL35: 10 | AM35: 10 | AN35: 0.5 | AO35: 18 | AP35: 609 | AQ35: 610 | AR35: 611 | AS35: 612 | AT35: 613 | AU35: 614 | AV35: 615 | AW35: 616 | AX35: 617 | AY35: 618 | AZ35: 564 | BA35: Eureka_Log_Oct_5,20,23-25_2023.xlsx
A36: 2 | B36: Palominos 20m | C36: Fajardo | D36: PALN20 | E36: North/Northeast | F36: E | G36: 18.35466 | H36: -65.5671 | I36: 20 | J36: 10 | K36: 15 | L36: 2023 | M36: 10/15/2023 | N36: Tyrone | O36: Adiana | P36: Manuel | Q36: NA | R36: 0.40694444 | S36: 0.42152778 | T36: NA | U36: NA | V36: NA | W36: NA | X36: NA | Y36: NA | Z36: NA | AA36: NA | AB36: NA | AC36: NA | AD36: NA | AE36: NA | AF36: NA | AG36: NA | AH36: NA | AI36: NA | AJ36: 12.25 | AK36: 12.5 | AL36: 12.5 | AM36: 12.4 | AN36: 0.5 | AO36: 17.5 | AP36: 433 | AQ36: 434 | AR36: 435 | AS36: 436 | AT36: 437 | AU36: 438 | AV36: 439 | AW36: 440 | AX36: 441 | AY36: 442 | AZ36: 432 | BA36: HydroLab; Handheld Surveyor turned off
A37: 2 | B37: Palominitos 10m | C37: Fajardo | D37: PALT10 | E37: North/Northeast | F37: E | G37: 18.33537 | H37: -65.5656 | I37: 10 | J37: 10 | K37: 15 | L37: 2023 | M37: 10/15/2023 | N37: Tyrone | O37: Adiana | P37: Manuel | Q37: NA | R37: 0.35277778 | S37: 0.37430556 | T37: 30.35 | U37: 0.53 | V37: 35.61 | W37: 0.55 | X37: 6.3 | Y37: 0.54 | Z37: 7.81 | AA37: 0.54 | AB37: 30.36 | AC37: 8.5 | AD37: 34.23 | AE37: 8.2 | AF37: 6.12 | AG37: 8.1 | AH37: 8.11 | AI37: 7.96 | AJ37: >8.5 | AK37: >8.5 | AL37: >8.5 | AM37: >8.5 | AN37: 0.5 | AO37: 8.5 | AP37: 422 | AQ37: 423 | AR37: 424 | AS37: 425 | AT37: 426 | AU37: 427 | AV37: 428 | AW37: 429 | AX37: 430 | AY37: 431 | AZ37: 421 | BA37: HydroLab
A38: 2 | B38: Cayo Ratones 5m | C38: Salinas | D38: RATO05 | E38: Southeast | F38: S | G38: 17.9346 | H38: -66.3025 | I38: 5 | J38: 9 | K38: 21 | L38: 2023 | M38: 9/21/2023 | N38: Anibal | O38: Adiana | P38: Juanita | Q38: Manuel | R38: 0.40555556 | S38: 0.41944444 | T38: 30.78 | U38: 0.64 | V38: 35.32 | W38: 0.64 | X38: 5.8 | Y38: 0.63 | Z38: 8.03 | AA38: 0.62 | AB38: 30.65 | AC38: 4.12 | AD38: 35.38 | AE38: 4.22 | AF38: 5.23 | AG38: 4.37 | AH38: 7.95 | AI38: 4.31 | AJ38: >4 | AK38: >4 | AL38: >4 | AM38: >4 | AN38: 0.5 | AO38: 4 | AP38: 188 | AQ38: 189 | AR38: 119 | AS38: 120 | AT38: 58 | AU38: 60 | AV38: 61 | AW38: 58 | AX38: 75 | AY38: 81 | AZ38: 51 | BA38: HydroLab
A39: 2 | B39: Resuellos 10m | C39: Cabo Rojo | D39: RESU10 | E39: West | F39: W | G39: 17.99116 | H39: -67.2332 | I39: 10 | J39: 9 | K39: 20 | L39: 2023 | M39: 9/20/2023 | N39: Anibal | O39: Adiana | P39: Manuel | Q39: NA | R39: 0.40972222 | S39: 0.42986111 | T39: 30.72 | U39: 0.54 | V39: 34.15 | W39: 0.52 | X39: 6.38 | Y39: 0.55 | Z39: 7.98 | AA39: 0.55 | AB39: 30.84 | AC39: 13.69 | AD39: 34.17 | AE39: 13.7 | AF39: 6.4 | AG39: 13.67 | AH39: 8.07 | AI39: 13.65 | AJ39: 7.5 | AK39: 7.5 | AL39: 7.5 | AM39: 7.5 | AN39: 0.5 | AO39: 13.5 | AP39: 192 | AQ39: 193 | AR39: 123 | AS39: 124 | AT39: 60 | AU39: 62 | AV39: 63 | AW39: 60 | AX39: 77 | AY39: 83 | AZ39: 54 | BA39: HydroLab; No HOBO
A40: 2 | B40: Resuellos 10m | C40: Cabo Rojo | D40: RESU10-R | E40: West | F40: W | G40: 17.99116 | H40: -67.2332 | I40: 10 | J40: 9 | K40: 20 | L40: 2023 | M40: 9/20/2023 | N40: Anibal | O40: Adiana | P40: Manuel | Q40: NA | R40: 0.43402778 | S40: 0.45208333 | T40: 30.78 | U40: 0.62 | V40: 34.12 | W40: 0.61 | X40: 6.5 | Y40: 0.6 | Z40: 8.02 | AA40: 0.59 | AB40: 30.91 | AC40: 5.48 | AD40: 34.15 | AE40: 5.46 | AF40: 6.33 | AG40: 5.45 | AH40: 8.08 | AI40: 5.43 | AJ40: 7.25 | AK40: 7 | AL40: 7 | AM40: 7 | AN40: 0.5 | AO40: 5.5 | AP40: 194 | AQ40: 195 | AR40: 125 | AS40: 126 | AT40: 61 | AU40: 63 | AV40: 64 | AW40: 61 | AX40: 78 | AY40: 84 | AZ40: 53 | BA40: HydroLab; No HOBO
A41: 2 | B41: Cayo Rodriguez 5m | C41: Mayaguez | D41: RODR05 | E41: West | F41: W | G41: 18.1893 | H41: -67.1919 | I41: 5 | J41: 10 | K41: 25 | L41: 2023 | M41: 10/25/2023 | N41: Orlando | O41: Adiana | P41: Manuel | Q41: NA | R41: 0.41180556 | S41: 0.42569444 | T41: 30.53 | U41: 0.54 | V41: 35.04 | W41: 0.54 | X41: 6.34 | Y41: 0.54 | Z41: 8.09 | AA41: 0.54 | AB41: 30.49 | AC41: 9.86 | AD41: 35.48 | AE41: 9.86 | AF41: 5.72 | AG41: 9.86 | AH41: 8.17 | AI41: 9.86 | AJ41: 5.25 | AK41: 5.25 | AL41: 5.25 | AM41: 5.25 | AN41: 0.5 | AO41: 9.5 | AP41: 367 | AQ41: 368 | AR41: 369 | AS41: 370 | AT41: 371 | AU41: 372 | AV41: 373 | AW41: 374 | AX41: 375 | AY41: 376 | AZ41: 553 | BA41: Eureka_Log_Oct_5,20,23-25_2023.xlsx
A42: 2 | B42: El Seco 30m | C42: Isla Vieques | D42: SECO30 | E42: Vieques/Culebra | F42: E | G42: 18.13869 | H42: -65.1971 | I42: 30 | J42: 10 | K42: 14 | L42: 2023 | M42: 10/14/2023 | N42: Tyrone | O42: Irais | P42: Manuel | Q42: NA | R42: 0.31805556 | S42: 0.34375 | T42: 29.81 | U42: 0.54 | V42: NA | W42: 0.54 | X42: 6.55 | Y42: 0.55 | Z42: 7.89 | AA42: 0.55 | AB42: 29.29 | AC42: 35.45 | AD42: NA | AE42: 35.48 | AF42: 6.15 | AG42: 35.52 | AH42: 8.07 | AI42: 35.51 | AJ42: >34 | AK42: >34 | AL42: >34 | AM42: >34 | AN42: 0.5 | AO42: 35 | AP42: 455 | AQ42: 456 | AR42: 457 | AS42: 458 | AT42: 459 | AU42: 460 | AV42: 461 | AW42: 462 | AX42: 463 | AY42: 464 | AZ42: 498 | BA42: Hydrolab; Check salinity & pH
A43: 2 | B43: Tourmaline 10m | C43: Cabo Rojo | D43: TOUR10 | E43: West | F43: W | G43: 18.16304 | H43: -67.2737 | I43: 10 | J43: 10 | K43: 5 | L43: 2023 | M43: 10/5/2023 | N43: Anibal | O43: Adiana | P43: Erica | Q43: Manuel | R43: 0.42430556 | S43: 0.45 | T43: 30.5 | U43: 0.5 | V43: NA | W43: 0.49 | X43: 6.38 | Y43: 0.56 | Z43: 8.04 | AA43: 0.51 | AB43: 30.53 | AC43: 9.4 | AD43: NA | AE43: 9.54 | AF43: 6.31 | AG43: 9.51 | AH43: 8.1 | AI43: 9.55 | AJ43: >10 | AK43: >10 | AL43: >10 | AM43: >10 | AN43: 0.5 | AO43: 9.5 | AP43: 213 | AQ43: 214 | AR43: 215 | AS43: 216 | AT43: 217 | AU43: 218 | AV43: 219 | AW43: 220 | AX43: 221 | AY43: 222 | AZ43: 300 | BA43: HydroLab
A44: 2 | B44: Tourmaline 20m | C44: Cabo Rojo | D44: TOUR20 | E44: West | F44: W | G44: 18.16517 | H44: -67.2752 | I44: 20 | J44: 10 | K44: 5 | L44: 2023 | M44: 10/5/2023 | N44: Anibal | O44: Adiana | P44: Erica | Q44: Manuel | R44: 0.39583333 | S44: 0.41805556 | T44: 30.48 | U44: 0.5 | V44: NA | W44: 0.54 | X44: 6.79 | Y44: 0.54 | Z44: 8.05 | AA44: 0.53 | AB44: 30.54 | AC44: 21.79 | AD44: NA | AE44: 21.65 | AF44: 6.78 | AG44: 21.69 | AH44: 8.1 | AI44: 21.08 | AJ44: 10.75 | AK44: 10.75 | AL44: 11 | AM44: 10.8 | AN44: 0.5 | AO44: 22 | AP44: 202 | AQ44: 203 | AR44: 204 | AS44: 205 | AT44: 206 | AU44: 207 | AV44: 208 | AW44: 209 | AX44: 210 | AY44: 211 | AZ44: 289 | BA44: HydroLab
A45: 2 | B45: Tourmaline 30m | C45: Cabo Rojo | D45: TOUR30 | E45: West | F45: W | G45: 18.16637 | H45: -67.2763 | I45: 30 | J45: 10 | K45: 5 | L45: 2023 | M45: 10/5/2023 | N45: Anibal | O45: Adiana | P45: Erica | Q45: Manuel | R45: 0.33958333 | S45: 0.37777778 | T45: 30.49 | U45: 0.56 | V45: 35.01 | W45: 0.57 | X45: 6.19 | Y45: 0.58 | Z45: 8 | AA45: 0.58 | AB45: 29.38 | AC45: 27.45 | AD45: 35.54 | AE45: 27.39 | AF45: 6.36 | AG45: 27.39 | AH45: 8.12 | AI45: 28.09 | AJ45: 14.25 | AK45: 14.5 | AL45: 14.5 | AM45: 14.4 | AN45: 0.5 | AO45: 27 | AP45: 224 | AQ45: 225 | AR45: 226 | AS45: 227 | AT45: 228 | AU45: 229 | AV45: 230 | AW45: 231 | AX45: 232 | AY45: 233 | AZ45: 278 | BA45: HydroLab
A46: 2 | B46: Tres Palmas 05m | C46: Rincon | D46: TRES05 | E46: West | F46: W | G46: 18.35072 | H46: -67.2669 | I46: 5 | J46: 10 | K46: 24 | L46: 2023 | M46: 10/24/2023 | N46: Anibal | O46: Adiana | P46: Erica | Q46: Manuel | R46: 0.3875 | S46: 0.40277778 | T46: 30.28 | U46: 0.62 | V46: 35.27 | W46: 0.62 | X46: 6 | Y46: 0.62 | Z46: 8.16 | AA46: 0.62 | AB46: 30.29 | AC46: 4.9 | AD46: 35.28 | AE46: 4.9 | AF46: 5.99 | AG46: 4.9 | AH46: 8.18 | AI46: 4.9 | AJ46: >4.5 | AK46: >4.5 | AL46: >4.5 | AM46: >4.5 | AN46: 0.5 | AO46: 4.5 | AP46: 543 | AQ46: 544 | AR46: 545 | AS46: 546 | AT46: 547 | AU46: 548 | AV46: 549 | AW46: 550 | AX46: 551 | AY46: 552 | AZ46: 587 | BA46: Eureka_Log_Oct_5,20,23-25_2023.xlsx; Correct depth offset ~0.35 m
A47: 2 | B47: Tres Palmas 10m | C47: Rincon | D47: TRES10 | E47: West | F47: W | G47: 18.34732 | H47: -67.27 | I47: 10 | J47: 10 | K47: 24 | L47: 2023 | M47: 10/24/2023 | N47: Anibal | O47: Adiana | P47: Erica | Q47: Manuel | R47: 0.41111111 | S47: 0.43055556 | T47: 30.43 | U47: 0.66 | V47: 35.29 | W47: 0.66 | X47: 6.2 | Y47: 0.66 | Z47: 8.2 | AA47: 0.66 | AB47: 30.43 | AC47: 10.85 | AD47: 35.35 | AE47: 10.85 | AF47: 6.15 | AG47: 10.85 | AH47: 8.2 | AI47: 10.85 | AJ47: >9.5 | AK47: >9.5 | AL47: >9.5 | AM47: >9.5 | AN47: 0.5 | AO47: 9.5 | AP47: 554 | AQ47: 555 | AR47: 556 | AS47: 557 | AT47: 558 | AU47: 559 | AV47: 560 | AW47: 561 | AX47: 562 | AY47: 563 | AZ47: 377 | BA47: Eureka_Log_Oct_5,20,23-25_2023.xlsx; Correct depth offset ~0.35 m
A48: 2 | B48: Tres Palmas 20m | C48: Rincon | D48: TRES20 | E48: West | F48: W | G48: 18.34652 | H48: -67.2712 | I48: 20 | J48: 10 | K48: 24 | L48: 2023 | M48: 10/24/2023 | N48: Anibal | O48: Adiana | P48: Erica | Q48: Manuel | R48: 0.43541667 | S48: 0.45555556 | T48: 30.46 | U48: 0.79 | V48: 35.24 | W48: 0.79 | X48: 6.14 | Y48: 0.79 | Z48: 8.2 | AA48: 0.79 | AB48: 30.14 | AC48: 18.05 | AD48: 35.62 | AE48: 18.05 | AF48: 6.14 | AG48: 18.05 | AH48: 8.21 | AI48: 18.05 | AJ48: >17.5 | AK48: >17.5 | AL48: >17.5 | AM48: >17.5 | AN48: 0.5 | AO48: 17.5 | AP48: 565 | AQ48: 566 | AR48: 567 | AS48: 568 | AT48: 569 | AU48: 570 | AV48: 571 | AW48: 572 | AX48: 573 | AY48: 574 | AZ48: 588 | BA48: Eureka_Log_Oct_5,20,23-25_2023.xlsx

Sheet Adjusted_Raw Data
A1: Sampling_Cycle | B1: Site_Name | C1: Location | D1: Site_Code | E1: Region | F1: Zone | G1: Latitude | H1: Longitude | I1: Depth | J1: Month | K1: Day | L1: Year | M1: Date | N1: Captain | O1: Crew_1 | P1: Crew_2 | Q1: Crew_3 | R1: Time_In | S1: Time_Out | T1: Surface_Temp_C | U1: Surface_Temp_Depth_m | V1: Surface_Sal_psu | W1: Surface_Sal_Depth_m | X1: Surface_DO_mg_L | Y1: Surface_DO_Depth_m | Z1: Surface_pH | AA1: Surface_pH_Depth_m | AB1: Bottom_Temp_C | AC1: Bottom_Temp_Depth_m | AD1: Bottom_Sal_psu | AE1: Bottom_Sal_Depth_m | AF1: Bottom_DO_mg_L | AG1: Bottom_DO_Depth_m | AH1: Bottom_pH | AI1: Bottom_pH_Depth_m | AJ1: Secchi_Depth_1_m | AK1: Secchi_Depth_2_m | AL1: Secchi_Depth_3_m | AM1: Secchi_Avg_Depth | AN1: Surface_Van_Dorn_Depth_m | AO1: Bottom_Van_Dorn_Depth_m | AP1: Surface_TA_DIC | AQ1: Bottom_TA_DIC | AR1: Surface_BOD | AS1: Bottom_BOD | AT1: Chl_a | AU1: Turbidity_NTU | AV1: Settleable_Solids | AW1: Total_Suspended_Solids | AX1: POx_NOx | AY1: TKN | AZ1: Enterococcus | BA1: Note
A2: 2 | B2: =LOOKUP($D2,Site_Meta!$C$2:$C$43,Site_Meta!A$2:A$43) -> Efras Wall 20m | C2: =LOOKUP($D2,Site_Meta!$C$2:$C$43,Site_Meta!B$2:B$43) -> La Parguera | D2: EWAL20 | E2: =LOOKUP($D2,Site_Meta!$C$2:$C$43,Site_Meta!D$2:D$43) -> Southwest | F2: =LOOKUP($D2,Site_Meta!$C$2:$C$43,Site_Meta!E$2:E$43) -> SW | G2: =LOOKUP($D2,Site_Meta!$C$2:$C$43,Site_Meta!F$2:F$43) -> 17.8976 | H2: =LOOKUP($D2,Site_Meta!$C$2:$C$43,Site_Meta!G$2:G$43) -> -66.9599 | I2: =LOOKUP($D2,Site_Meta!$C$2:$C$43,Site_Meta!H$2:H$43) -> 20 | J2: 9 | K2: 19 | L2: 2023 | M2: =CONCATENATE(J2,"/",K2,"/",L2) -> 9/19/2023 | N2: Anibal | O2: Adiana | P2: Leira | Q2: Manuel | R2: 0.33333333 | S2: 0.36041667 | T2: 30.05 | U2: 0.6 | V2: 34.87 | W2: 0.61 | X2: 6.35 | Y2: 0.62 | Z2: 7.7 | AA2: 0.61 | AB2: 30.16 | AC2: 17.28 | AD2: 34.76 | AE2: 17.4 | AF2: 5.73 | AG2: 17.51 | AH2: 8.06 | AI2: 17.5 | AJ2: 10.25 | AK2: 10 | AL2: 10.5 | AM2: =AVERAGE(AJ2:AL2) -> 10.25 | AN2: 0.5 | AO2: 17.5 | AP2: 182 | AQ2: 183 | AR2: 113 | AS2: 114 | AT2: 55 | AU2: 57 | AV2: 58 | AW2: 55 | AX2: 72 | AY2: 78 | AZ2: 48 | BA2: HydroLab
A3: 2 | B3: =LOOKUP($D3,Site_Meta!$C$2:$C$43,Site_Meta!A$2:A$43) -> Boya Vieja 20m | C3: =LOOKUP($D3,Site_Meta!$C$2:$C$43,Site_Meta!B$2:B$43) -> La Parguera | D3: BOYA20 | E3: =LOOKUP($D3,Site_Meta!$C$2:$C$43,Site_Meta!D$2:D$43) -> Southwest | F3: =LOOKUP($D3,Site_Meta!$C$2:$C$43,Site_Meta!E$2:E$43) -> SW | G3: =LOOKUP($D3,Site_Meta!$C$2:$C$43,Site_Meta!F$2:F$43) -> 17.88827 | H3: =LOOKUP($D3,Site_Meta!$C$2:$C$43,Site_Meta!G$2:G$43) -> -66.9978 | I3: =LOOKUP($D3,Site_Meta!$C$2:$C$43,Site_Meta!H$2:H$43) -> 20 | J3: 9 | K3: 19 | L3: 2023 | M3: =CONCATENATE(J3,"/",K3,"/",L3) -> 9/19/2023 | N3: Anibal | O3: Adiana | P3: Leira | Q3: Manuel | R3: 0.375 | S3: 0.39583333 | T3: 30.4 | U3: 0.63 | V3: 34.49 | W3: 0.59 | X3: 6.22 | Y3: 0.61 | Z3: 7.93 | AA3: 0.65 | AB3: 29.71 | AC3: 19.3 | AD3: 34.8 | AE3: 19.19 | AF3: 6.18 | AG3: 19.1 | AH3: 8.08 | AI3: 19.08 | AJ3: 12 | AK3: 12 | AL3: 12 | AM3: =AVERAGE(AJ3:AL3) -> 12 | AN3: 0.5 | AO3: 19 | AP3: 179 | AQ3: 178 | AR3: 110 | AS3: 109 | AT3: 53 | AU3: 55 | AV3: 56 | AW3: 53 | AX3: 70 | AY3: 76 | AZ3: 47 | BA3: HydroLab
A4: 2 | B4: =LOOKUP($D4,Site_Meta!$C$2:$C$43,Site_Meta!A$2:A$43) -> Media Luna 10m | C4: =LOOKUP($D4,Site_Meta!$C$2:$C$43,Site_Meta!B$2:B$43) -> La Parguera | D4: MLUN10 | E4: =LOOKUP($D4,Site_Meta!$C$2:$C$43,Site_Meta!D$2:D$43) -> Southwest | F4: =LOOKUP($D4,Site_Meta!$C$2:$C$43,Site_Meta!E$2:E$43) -> SW | G4: =LOOKUP($D4,Site_Meta!$C$2:$C$43,Site_Meta!F$2:F$43) -> 17.93472 | H4: =LOOKUP($D4,Site_Meta!$C$2:$C$43,Site_Meta!G$2:G$43) -> -67.0485 | I4: =LOOKUP($D4,Site_Meta!$C$2:$C$43,Site_Meta!H$2:H$43) -> 10 | J4: 9 | K4: 19 | L4: 2023 | M4: =CONCATENATE(J4,"/",K4,"/",L4) -> 9/19/2023 | N4: Anibal | O4: Adiana | P4: Leira | Q4: Manuel | R4: 0.40763889 | S4: 0.425 | T4: 30.92 | U4: 0.55 | V4: 34.16 | W4: 0.56 | X4: 6.11 | Y4: 0.56 | Z4: 7.97 | AA4: 0.5 | AB4: 30.8 | AC4: 5.6 | AD4: 34.2 | AE4: 5.65 | AF4: 6.12 | AG4: 5.64 | AH4: 8.06 | AI4: 5.65 | AJ4: >5.5 | AK4: >5.5 | AL4: >5.5 | AM4: =AVERAGE(AJ4:AL4) -> #DIV/0! | AN4: 0.5 | AO4: 5 | AP4: 181 | AQ4: 180 | AR4: 111 | AS4: 112 | AT4: 54 | AU4: 56 | AV4: 57 | AW4: 54 | AX4: 71 | AY4: 77 | AZ4: 49 | BA4: HydroLab
A5: 2 | B5: =LOOKUP($D5,Site_Meta!$C$2:$C$43,Site_Meta!A$2:A$43) -> Media Luna 5m | C5: =LOOKUP($D5,Site_Meta!$C$2:$C$43,Site_Meta!B$2:B$43) -> La Parguera | D5: MLUN05 | E5: =LOOKUP($D5,Site_Meta!$C$2:$C$43,Site_Meta!D$2:D$43) -> Southwest | F5: =LOOKUP($D5,Site_Meta!$C$2:$C$43,Site_Meta!E$2:E$43) -> SW | G5: =LOOKUP($D5,Site_Meta!$C$2:$C$43,Site_Meta!F$2:F$43) -> 17.93937 | H5: =LOOKUP($D5,Site_Meta!$C$2:$C$43,Site_Meta!G$2:G$43) -> -67.0507 | I5: =LOOKUP($D5,Site_Meta!$C$2:$C$43,Site_Meta!H$2:H$43) -> 5 | J5: 9 | K5: 19 | L5: 2023 | M5: =CONCATENATE(J5,"/",K5,"/",L5) -> 9/19/2023 | N5: Anibal | O5: Adiana | P5: Leira | Q5: Manuel | R5: 0.42986111 | S5: 0.44722222 | T5: 31.25 | U5: 0.6 | V5: 34 | W5: 0.56 | X5: 5.89 | Y5: 0.57 | Z5: 7.99 | AA5: 0.6 | AB5: 31.01 | AC5: 3.2 | AD5: 34.26 | AE5: 3.08 | AF5: 5.89 | AG5: 3.09 | AH5: 8.03 | AI5: 3.07 | AJ5: >3.5 | AK5: >3.5 | AL5: >3.5 | AM5: =AVERAGE(AJ5:AL5) -> #DIV/0! | AN5: 0.5 | AO5: 3 | AP5: 176 | AQ5: 177 | AR5: 107 | AS5: 108 | AT5: 52 | AU5: 54 | AV5: 55 | AW5: 52 | AX5: 69 | AY5: 75 | AZ5: 55 | BA5: HydroLab
A6: 2 | B6: =LOOKUP($D6,Site_Meta!$C$2:$C$43,Site_Meta!A$2:A$43) -> Gallardo 5m | C6: =LOOKUP($D6,Site_Meta!$C$2:$C$43,Site_Meta!B$2:B$43) -> Cabo Rojo | D6: GALL05 | E6: =LOOKUP($D6,Site_Meta!$C$2:$C$43,Site_Meta!D$2:D$43) -> West | F6: =LOOKUP($D6,Site_Meta!$C$2:$C$43,Site_Meta!E$2:E$43) -> W | G6: =LOOKUP($D6,Site_Meta!$C$2:$C$43,Site_Meta!F$2:F$43) -> 18.0017 | H6: =LOOKUP($D6,Site_Meta!$C$2:$C$43,Site_Meta!G$2:G$43) -> -67.3299 | I6: =LOOKUP($D6,Site_Meta!$C$2:$C$43,Site_Meta!H$2:H$43) -> 5 | J6: 9 | K6: 20 | L6: 2023 | M6: =CONCATENATE(J6,"/",K6,"/",L6) -> 9/20/2023 | N6: Anibal | O6: Adiana | P6: Manuel | R6: 0.37152778 | S6: 0.38888889 | T6: 30.51 | U6: 0.6 | V6: 33.89 | W6: 0.61 | X6: 5.77 | Y6: 0.62 | Z6: 7.83 | AA6: 0.58 | AB6: 30.58 | AC6: 6.6 | AD6: 33.94 | AE6: 6.55 | AF6: 5.75 | AG6: 6.58 | AH6: 8.02 | AI6: 6.63 | AJ6: >6.5 | AK6: >6.5 | AL6: >6.5 | AM6: =AVERAGE(AJ6:AL6) -> #DIV/0! | AN6: 0.5 | AO6: 6.5 | AP6: 187 | AQ6: 186 | AR6: 117 | AS6: 118 | AT6: 57 | AU6: 59 | AV6: 60 | AW6: 57 | AX6: 74 | AY6: 80 | AZ6: 50 | BA6: HydroLab
A7: 2 | B7: =LOOKUP($D7,Site_Meta!$C$2:$C$43,Site_Meta!A$2:A$43) -> Resuellos 10m | C7: =LOOKUP($D7,Site_Meta!$C$2:$C$43,Site_Meta!B$2:B$43) -> Cabo Rojo | D7: RESU10 | E7: =LOOKUP($D7,Site_Meta!$C$2:$C$43,Site_Meta!D$2:D$43) -> West | F7: =LOOKUP($D7,Site_Meta!$C$2:$C$43,Site_Meta!E$2:E$43) -> W | G7: =LOOKUP($D7,Site_Meta!$C$2:$C$43,Site_Meta!F$2:F$43) -> 17.99116 | H7: =LOOKUP($D7,Site_Meta!$C$2:$C$43,Site_Meta!G$2:G$43) -> -67.2332 | I7: =LOOKUP($D7,Site_Meta!$C$2:$C$43,Site_Meta!H$2:H$43) -> 10 | J7: 9 | K7: 20 | L7: 2023 | M7: =CONCATENATE(J7,"/",K7,"/",L7) -> 9/20/2023 | N7: Anibal | O7: Adiana | P7: Manuel | R7: 0.40972222 | S7: 0.42986111 | T7: 30.72 | U7: 0.54 | V7: 34.15 | W7: 0.52 | X7: 6.38 | Y7: 0.55 | Z7: 7.98 | AA7: 0.55 | AB7: 30.84 | AC7: 13.69 | AD7: 34.17 | AE7: 13.7 | AF7: 6.4 | AG7: 13.67 | AH7: 8.07 | AI7: 13.65 | AJ7: 7.5 | AK7: 7.5 | AL7: 7.5 | AM7: =AVERAGE(AJ7:AL7) -> 7.5 | AN7: 0.5 | AO7: 13.5 | AP7: 192 | AQ7: 193 | AR7: 123 | AS7: 124 | AT7: 60 | AU7: 62 | AV7: 63 | AW7: 60 | AX7: 77 | AY7: 83 | AZ7: 54 | BA7: HydroLab
A8: 2 | B8: =LOOKUP($D8,Site_Meta!$C$2:$C$43,Site_Meta!A$2:A$43) -> Resuellos 10m | C8: =LOOKUP($D8,Site_Meta!$C$2:$C$43,Site_Meta!B$2:B$43) -> Cabo Rojo | D8: RESU10-R | E8: =LOOKUP($D8,Site_Meta!$C$2:$C$43,Site_Meta!D$2:D$43) -> West | F8: =LOOKUP($D8,Site_Meta!$C$2:$C$43,Site_Meta!E$2:E$43) -> W | G8: =LOOKUP($D8,Site_Meta!$C$2:$C$43,Site_Meta!F$2:F$43) -> 17.99116 | H8: =LOOKUP($D8,Site_Meta!$C$2:$C$43,Site_Meta!G$2:G$43) -> -67.2332 | I8: =LOOKUP($D8,Site_Meta!$C$2:$C$43,Site_Meta!H$2:H$43) -> 10 | J8: 9 | K8: 20 | L8: 2023 | M8: =CONCATENATE(J8,"/",K8,"/",L8) -> 9/20/2023 | N8: Anibal | O8: Adiana | P8: Manuel | R8: 0.43402778 | S8: 0.45208333 | T8: 30.78 | U8: 0.62 | V8: 34.12 | W8: 0.61 | X8: 6.5 | Y8: 0.6 | Z8: 8.02 | AA8: 0.59 | AB8: 30.91 | AC8: 5.48 | AD8: 34.15 | AE8: 5.46 | AF8: 6.33 | AG8: 5.45 | AH8: 8.08 | AI8: 5.43 | AJ8: 7.25 | AK8: 7 | AL8: 7 | AM8: =AVERAGE(AJ8:AL8) -> 7.0833333 | AN8: 0.5 | AO8: 5.5 | AP8: 194 | AQ8: 195 | AR8: 125 | AS8: 126 | AT8: 61 | AU8: 63 | AV8: 64 | AW8: 61 | AX8: 78 | AY8: 84 | AZ8: 53 | BA8: HydroLab
A9: 2 | B9: =LOOKUP($D9,Site_Meta!$C$2:$C$43,Site_Meta!A$2:A$43) -> Cayo Caribes 10m | C9: =LOOKUP($D9,Site_Meta!$C$2:$C$43,Site_Meta!B$2:B$43) -> Salinas | D9: CARI10 | E9: =LOOKUP($D9,Site_Meta!$C$2:$C$43,Site_Meta!D$2:D$43) -> Southeast | F9: =LOOKUP($D9,Site_Meta!$C$2:$C$43,Site_Meta!E$2:E$43) -> S | G9: =LOOKUP($D9,Site_Meta!$C$2:$C$43,Site_Meta!F$2:F$43) -> 17.91533 | H9: =LOOKUP($D9,Site_Meta!$C$2:$C$43,Site_Meta!G$2:G$43) -> -66.2141 | I9: =LOOKUP($D9,Site_Meta!$C$2:$C$43,Site_Meta!H$2:H$43) -> 10 | J9: 9 | K9: 21 | L9: 2023 | M9: =CONCATENATE(J9,"/",K9,"/",L9) -> 9/21/2023 | N9: Anibal | O9: Adiana | P9: Juanita | Q9: Manuel | R9: 0.36805556 | S9: 0.39583333 | T9: 30.62 | U9: 0.54 | V9: 35.85 | W9: 0.55 | X9: 6.1 | Y9: 0.56 | Z9: 7.94 | AA9: 0.56 | AB9: 30.84 | AC9: 9.51 | AD9: 35.55 | AE9: 9.5 | AF9: 6.05 | AG9: 9.62 | AH9: 8.08 | AI9: 9.62 | AJ9: >10 | AK9: >10 | AL9: >10 | AM9: =AVERAGE(AJ9:AL9) -> #DIV/0! | AN9: 0.5 | AO9: 9.5 | AP9: 184 | AQ9: 185 | AR9: 115 | AS9: 116 | AT9: 56 | AU9: 58 | AV9: 59 | AW9: 56 | AX9: 73 | AY9: 79 | AZ9: 65 | BA9: HydroLab
A10: 2 | B10: =LOOKUP($D10,Site_Meta!$C$2:$C$43,Site_Meta!A$2:A$43) -> Cayo Ratones 5m | C10: =LOOKUP($D10,Site_Meta!$C$2:$C$43,Site_Meta!B$2:B$43) -> Salinas | D10: RATO05 | E10: =LOOKUP($D10,Site_Meta!$C$2:$C$43,Site_Meta!D$2:D$43) -> Southeast | F10: =LOOKUP($D10,Site_Meta!$C$2:$C$43,Site_Meta!E$2:E$43) -> S | G10: =LOOKUP($D10,Site_Meta!$C$2:$C$43,Site_Meta!F$2:F$43) -> 17.9346 | H10: =LOOKUP($D10,Site_Meta!$C$2:$C$43,Site_Meta!G$2:G$43) -> -66.3025 | I10: =LOOKUP($D10,Site_Meta!$C$2:$C$43,Site_Meta!H$2:H$43) -> 5 | J10: 9 | K10: 21 | L10: 2023 | M10: =CONCATENATE(J10,"/",K10,"/",L10) -> 9/21/2023 | N10: Anibal | O10: Adiana | P10: Juanita | Q10: Manuel | R10: 0.40555556 | S10: 0.41944444 | T10: 30.78 | U10: 0.64 | V10: 35.32 | W10: 0.64 | X10: 5.8 | Y10: 0.63 | Z10: 8.03 | AA10: 0.62 | AB10: 30.65 | AC10: 4.12 | AD10: 35.38 | AE10: 4.22 | AF10: 5.23 | AG10: 4.37 | AH10: 7.95 | AI10: 4.31 | AJ10: >4 | AK10: >4 | AL10: >4 | AM10: =AVERAGE(AJ10:AL10) -> #DIV/0! | AN10: 0.5 | AO10: 4 | AP10: 188 | AQ10: 189 | AR10: 119 | AS10: 120 | AT10: 58 | AU10: 60 | AV10: 61 | AW10: 58 | AX10: 75 | AY10: 81 | AZ10: 51 | BA10: HydroLab
A11: 2 | B11: =LOOKUP($D11,Site_Meta!$C$2:$C$43,Site_Meta!A$2:A$43) -> West Reef 10m | C11: =LOOKUP($D11,Site_Meta!$C$2:$C$43,Site_Meta!B$2:B$43) -> Ponce | D11: CDMU10 | E11: =LOOKUP($D11,Site_Meta!$C$2:$C$43,Site_Meta!D$2:D$43) -> South | F11: =LOOKUP($D11,Site_Meta!$C$2:$C$43,Site_Meta!E$2:E$43) -> S | G11: =LOOKUP($D11,Site_Meta!$C$2:$C$43,Site_Meta!F$2:F$43) -> 17.89502 | H11: =LOOKUP($D11,Site_Meta!$C$2:$C$43,Site_Meta!G$2:G$43) -> -66.5284 | I11: =LOOKUP($D11,Site_Meta!$C$2:$C$43,Site_Meta!H$2:H$43) -> 10 | J11: 9 | K11: 21 | L11: 2023 | M11: =CONCATENATE(J11,"/",K11,"/",L11) -> 9/21/2023 | N11: Anibal | O11: Adiana | P11: Juanita | Q11: Manuel | R11: 0.44722222 | S11: 0.46111111 | T11: 30.86 | U11: 0.59 | V11: 34.73 | W11: 0.59 | X11: 6.52 | Y11: 0.62 | Z11: 8.03 | AA11: 0.68 | AB11: 30.62 | AC11: 8.03 | AD11: 34.72 | AE11: 7.9 | AF11: 6.64 | AG11: 7.77 | AH11: 8.09 | AI11: 7.57 | AJ11: >8 | AK11: >8 | AL11: >8 | AM11: =AVERAGE(AJ11:AL11) -> #DIV/0! | AN11: 0.5 | AO11: 7.5 | AP11: 200 | AQ11: 201 | AR11: 131 | AS11: 132 | AT11: 64 | AU11: 66 | AV11: 67 | AW11: 64 | AX11: 81 | AY11: 87 | AZ11: 56 | BA11: HydroLab
A12: 2 | B12: =LOOKUP($D12,Site_Meta!$C$2:$C$43,Site_Meta!A$2:A$43) -> Derrumbadero 20m | C12: =LOOKUP($D12,Site_Meta!$C$2:$C$43,Site_Meta!B$2:B$43) -> Ponce | D12: DERR20 | E12: =LOOKUP($D12,Site_Meta!$C$2:$C$43,Site_Meta!D$2:D$43) -> South | F12: =LOOKUP($D12,Site_Meta!$C$2:$C$43,Site_Meta!E$2:E$43) -> S | G12: =LOOKUP($D12,Site_Meta!$C$2:$C$43,Site_Meta!F$2:F$43) -> 17.904 | H12: =LOOKUP($D12,Site_Meta!$C$2:$C$43,Site_Meta!G$2:G$43) -> -66.6086 | I12: =LOOKUP($D12,Site_Meta!$C$2:$C$43,Site_Meta!H$2:H$43) -> 20 | J12: 9 | K12: 21 | L12: 2023 | M12: =CONCATENATE(J12,"/",K12,"/",L12) -> 9/21/2023 | N12: Anibal | O12: Adiana | P12: Juanita | Q12: Manuel | R12: 0.47569444 | S12: 0.49722222 | T12: 30.9 | U12: 0.63 | V12: 34.36 | W12: 0.67 | X12: 6.32 | Y12: 0.7 | Z12: 8.08 | AA12: 0.7 | AB12: 30.12 | AC12: 16.5 | AD12: 35 | AE12: 17 | AF12: 6.2 | AG12: 17.3 | AH12: 8.06 | AI12: 17.33 | AJ12: 12.25 | AK12: 12.5 | AL12: 12.75 | AM12: =AVERAGE(AJ12:AL12) -> 12.5 | AN12: 0.5 | AO12: 17 | AP12: 190 | AQ12: 191 | AR12: 121 | AS12: 122 | AT12: 59 | AU12: 61 | AV12: 62 | AW12: 59 | AX12: 76 | AY12: 82 | AZ12: 57 | BA12: HydroLab
A13: 2 | B13: =LOOKUP($D13,Site_Meta!$C$2:$C$43,Site_Meta!A$2:A$43) -> Maria Langa 20m | C13: =LOOKUP($D13,Site_Meta!$C$2:$C$43,Site_Meta!B$2:B$43) -> Guayanilla | D13: MLAN20 | E13: =LOOKUP($D13,Site_Meta!$C$2:$C$43,Site_Meta!D$2:D$43) -> South | F13: =LOOKUP($D13,Site_Meta!$C$2:$C$43,Site_Meta!E$2:E$43) -> S | G13: =LOOKUP($D13,Site_Meta!$C$2:$C$43,Site_Meta!F$2:F$43) -> 17.95953 | H13: =LOOKUP($D13,Site_Meta!$C$2:$C$43,Site_Meta!G$2:G$43) -> -66.747 | I13: =LOOKUP($D13,Site_Meta!$C$2:$C$43,Site_Meta!H$2:H$43) -> 20 | J13: 10 | K13: 4 | L13: 2023 | M13: =CONCATENATE(J13,"/",K13,"/",L13) -> 10/4/2023 | N13: Anibal | O13: Leira | P13: Manuel | R13: 0.30555556 | S13: 0.33680556 | T13: 31 | U13: 0.58 | V13: 36.36 | W13: 0.59 | X13: 5.05 | Y13: 0.58 | Z13: 7.4 | AA13: 0.59 | AB13: 30.37 | AC13: 18.5 | AD13: 36.95 | AE13: 18.5 | AF13: 6.04 | AG13: 18.05 | AH13: 8.08 | AI13: 17.87 | AJ13: 11.25 | AK13: 11.25 | AL13: 11.25 | AM13: =AVERAGE(AJ13:AL13) -> 11.25 | AN13: 0.5 | AO13: 18 | AP13: 235 | AQ13: 236 | AR13: 237 | AS13: 238 | AT13: 239 | AU13: 240 | AV13: 241 | AW13: 242 | AX13: 243 | AY13: 244 | AZ13: 212 | BA13: HydroLab
A14: 2 | B14: =LOOKUP($D14,Site_Meta!$C$2:$C$43,Site_Meta!A$2:A$43) -> Maria Langa 10m | C14: =LOOKUP($D14,Site_Meta!$C$2:$C$43,Site_Meta!B$2:B$43) -> Guayanilla | D14: MLAN10 | E14: =LOOKUP($D14,Site_Meta!$C$2:$C$43,Site_Meta!D$2:D$43) -> South | F14: =LOOKUP($D14,Site_Meta!$C$2:$C$43,Site_Meta!E$2:E$43) -> S | G14: =LOOKUP($D14,Site_Meta!$C$2:$C$43,Site_Meta!F$2:F$43) -> 17.96093 | H14: =LOOKUP($D14,Site_Meta!$C$2:$C$43,Site_Meta!G$2:G$43) -> -66.7529 | I14: =LOOKUP($D14,Site_Meta!$C$2:$C$43,Site_Meta!H$2:H$43) -> 10 | J14: 10 | K14: 4 | L14: 2023 | M14: =CONCATENATE(J14,"/",K14,"/",L14) -> 10/4/2023 | N14: Anibal | O14: Leira | P14: Manuel | R14: 0.34236111 | S14: 0.36041667 | T14: 30.8 | U14: 0.53 | V14: 36.49 | W14: 0.58 | X14: 5.51 | Y14: 0.57 | Z14: 7.92 | AA14: 0.56 | AB14: 30.72 | AC14: 8.76 | AD14: 36.5 | AE14: 8.82 | AF14: 5.41 | AG14: 8.86 | AH14: 8.04 | AI14: 8.92 | AJ14: >8.75 | AK14: >8.75 | AL14: >8.75 | AM14: =AVERAGE(AJ14:AL14) -> #DIV/0! | AN14: 0.5 | AO14: 8 | AP14: 246 | AQ14: 247 | AR14: 248 | AS14: 249 | AT14: 250 | AU14: 251 | AV14: 252 | AW14: 253 | AX14: 254 | AY14: 255 | AZ14: 223 | BA14: HydroLab
A15: 2 | B15: =LOOKUP($D15,Site_Meta!$C$2:$C$43,Site_Meta!A$2:A$43) -> Maria Langa 5m | C15: =LOOKUP($D15,Site_Meta!$C$2:$C$43,Site_Meta!B$2:B$43) -> Guayanilla | D15: MLAN05 | E15: =LOOKUP($D15,Site_Meta!$C$2:$C$43,Site_Meta!D$2:D$43) -> South | F15: =LOOKUP($D15,Site_Meta!$C$2:$C$43,Site_Meta!E$2:E$43) -> S | G15: =LOOKUP($D15,Site_Meta!$C$2:$C$43,Site_Meta!F$2:F$43) -> 17.96488 | H15: =LOOKUP($D15,Site_Meta!$C$2:$C$43,Site_Meta!G$2:G$43) -> -66.7565 | I15: =LOOKUP($D15,Site_Meta!$C$2:$C$43,Site_Meta!H$2:H$43) -> 5 | J15: 10 | K15: 4 | L15: 2023 | M15: =CONCATENATE(J15,"/",K15,"/",L15) -> 10/4/2023 | N15: Anibal | O15: Leira | P15: Manuel | R15: 0.36736111 | S15: 0.38402778 | T15: 31.17 | U15: 0.53 | V15: 36.24 | W15: 0.55 | X15: 5.11 | Y15: 0.54 | Z15: 7.9 | AA15: 0.54 | AB15: 30.96 | AC15: 4.1 | AD15: 36.48 | AE15: 4.07 | AF15: 5.05 | AG15: 4.02 | AH15: 8.02 | AI15: 4.02 | AJ15: >4 | AK15: >4 | AL15: >4 | AM15: =AVERAGE(AJ15:AL15) -> #DIV/0! | AN15: 0.5 | AO15: 4 | AP15: 257 | AQ15: 258 | AR15: 259 | AS15: 260 | AT15: 261 | AU15: 262 | AV15: 263 | AW15: 264 | AX15: 265 | AY15: 266 | AZ15: 234 | BA15: HydroLab
A16: 2 | B16: =LOOKUP($D16,Site_Meta!$C$2:$C$43,Site_Meta!A$2:A$43) -> Maria Langa 5m | C16: =LOOKUP($D16,Site_Meta!$C$2:$C$43,Site_Meta!B$2:B$43) -> Guayanilla | D16: MLAN05-R | E16: =LOOKUP($D16,Site_Meta!$C$2:$C$43,Site_Meta!D$2:D$43) -> South | F16: =LOOKUP($D16,Site_Meta!$C$2:$C$43,Site_Meta!E$2:E$43) -> S | G16: =LOOKUP($D16,Site_Meta!$C$2:$C$43,Site_Meta!F$2:F$43) -> 17.96488 | H16: =LOOKUP($D16,Site_Meta!$C$2:$C$43,Site_Meta!G$2:G$43) -> -66.7565 | I16: =LOOKUP($D16,Site_Meta!$C$2:$C$43,Site_Meta!H$2:H$43) -> 5 | J16: 10 | K16: 4 | L16: 2023 | M16: =CONCATENATE(J16,"/",K16,"/",L16) -> 10/4/2023 | N16: Anibal | O16: Leira | P16: Manuel | R16: 0.38402778 | S16: 0.39722222 | T16: 31.04 | U16: 0.58 | V16: 36.3 | W16: 0.6 | X16: 4.37 | Y16: 0.6 | Z16: 7.83 | AA16: 0.6 | AB16: 31.02 | AC16: 2.94 | AD16: 36.25 | AE16: 3.18 | AF16: 5.01 | AG16: 3.14 | AH16: 7.99 | AI16: 3.02 | AJ16: >3 | AK16: >3 | AL16: >3 | AM16: =AVERAGE(AJ16:AL16) -> #DIV/0! | AN16: 0.5 | AO16: 3 | AP16: 268 | AQ16: 269 | AR16: 270 | AS16: 271 | AT16: 272 | AU16: 273 | AV16: 274 | AW16: 275 | AX16: 276 | AY16: 277 | AZ16: 245 | BA16: HydroLab
A17: 2 | B17: =LOOKUP($D17,Site_Meta!$C$2:$C$43,Site_Meta!A$2:A$43) -> Cayo Aurora 5m | C17: =LOOKUP($D17,Site_Meta!$C$2:$C$43,Site_Meta!B$2:B$43) -> Guanica | D17: AURO05 | E17: =LOOKUP($D17,Site_Meta!$C$2:$C$43,Site_Meta!D$2:D$43) -> Southwest | F17: =LOOKUP($D17,Site_Meta!$C$2:$C$43,Site_Meta!E$2:E$43) -> SW | G17: =LOOKUP($D17,Site_Meta!$C$2:$C$43,Site_Meta!F$2:F$43) -> 17.9369 | H17: =LOOKUP($D17,Site_Meta!$C$2:$C$43,Site_Meta!G$2:G$43) -> -66.8738 | I17: =LOOKUP($D17,Site_Meta!$C$2:$C$43,Site_Meta!H$2:H$43) -> 5 | J17: 10 | K17: 4 | L17: 2023 | M17: =CONCATENATE(J17,"/",K17,"/",L17) -> 10/4/2023 | N17: Anibal | O17: Leira | P17: Manuel | R17: 0.41666667 | S17: 0.42986111 | T17: 30.87 | U17: 0.54 | V17: 36.66 | W17: 0.52 | X17: 4.73 | Y17: 0.53 | Z17: 7.84 | AA17: 0.53 | AB17: 31.15 | AC17: 3.03 | AD17: 36.49 | AE17: 3.03 | AF17: 4.87 | AG17: 3.03 | AH17: 7.99 | AI17: 3.03 | AJ17: >3 | AK17: >3 | AL17: >3 | AM17: =AVERAGE(AJ17:AL17) -> #DIV/0! | AN17: 0.5 | AO17: 3 | AP17: 290 | AQ17: 291 | AR17: 292 | AS17: 293 | AT17: 294 | AU17: 295 | AV17: 296 | AW17: 297 | AX17: 298 | AY17: 299 | AZ17: 256 | BA17: HydroLab
A18: 2 | B18: =LOOKUP($D18,Site_Meta!$C$2:$C$43,Site_Meta!A$2:A$43) -> Cayo Coral 10m | C18: =LOOKUP($D18,Site_Meta!$C$2:$C$43,Site_Meta!B$2:B$43) -> Guanica | D18: CORA10 | E18: =LOOKUP($D18,Site_Meta!$C$2:$C$43,Site_Meta!D$2:D$43) -> Southwest | F18: =LOOKUP($D18,Site_Meta!$C$2:$C$43,Site_Meta!E$2:E$43) -> SW | G18: =LOOKUP($D18,Site_Meta!$C$2:$C$43,Site_Meta!F$2:F$43) -> 17.9362 | H18: =LOOKUP($D18,Site_Meta!$C$2:$C$43,Site_Meta!G$2:G$43) -> -66.8884 | I18: =LOOKUP($D18,Site_Meta!$C$2:$C$43,Site_Meta!H$2:H$43) -> 10 | J18: 10 | K18: 4 | L18: 2023 | M18: =CONCATENATE(J18,"/",K18,"/",L18) -> 10/4/2023 | N18: Anibal | O18: Leira | P18: Manuel | R18: 0.43472222 | S18: 0.44930556 | T18: 31.21 | U18: 0.49 | V18: 36.03 | W18: 0.49 | X18: 5.77 | Y18: 0.49 | Z18: 7.94 | AA18: 0.49 | AB18: 30.99 | AC18: 8.9 | AD18: 36.45 | AE18: 8.96 | AF18: 3.87 | AG18: 8.99 | AH18: 7.95 | AI18: 9 | AJ18: >9 | AK18: >9 | AL18: >9 | AM18: =AVERAGE(AJ18:AL18) -> #DIV/0! | AN18: 0.5 | AO18: 9 | AP18: 279 | AQ18: 280 | AR18: 281 | AS18: 282 | AT18: 283 | AU18: 284 | AV18: 285 | AW18: 286 | AX18: 287 | AY18: 288 | AZ18: 267 | BA18: HydroLab
A19: 2 | B19: =LOOKUP($D19,Site_Meta!$C$2:$C$43,Site_Meta!A$2:A$43) -> Tourmaline 30m | C19: =LOOKUP($D19,Site_Meta!$C$2:$C$43,Site_Meta!B$2:B$43) -> Cabo Rojo | D19: TOUR30 | E19: =LOOKUP($D19,Site_Meta!$C$2:$C$43,Site_Meta!D$2:D$43) -> West | F19: =LOOKUP($D19,Site_Meta!$C$2:$C$43,Site_Meta!E$2:E$43) -> W | G19: =LOOKUP($D19,Site_Meta!$C$2:$C$43,Site_Meta!F$2:F$43) -> 18.16637 | H19: =LOOKUP($D19,Site_Meta!$C$2:$C$43,Site_Meta!G$2:G$43) -> -67.2763 | I19: =LOOKUP($D19,Site_Meta!$C$2:$C$43,Site_Meta!H$2:H$43) -> 30 | J19: 10 | K19: 5 | L19: 2023 | M19: =CONCATENATE(J19,"/",K19,"/",L19) -> 10/5/2023 | N19: Anibal | O19: Adiana | P19: Erica | Q19: Manuel | R19: 0.33958333 | S19: 0.37777778 | T19: 30.59 | U19: 0.4 | V19: 109.9 | W19: 0.2 | X19: 4.73 | Y19: 0.52 | Z19: 8.72 | AA19: 0.45 | AB19: 29.15 | AC19: 27.42 | AD19: 119.3 | AE19: 26.1 | AF19: 4.04 | AG19: 24.61 | AH19: 8.75 | AI19: 24.85 | AJ19: 14.25 | AK19: 14.5 | AL19: 14.5 | AM19: =AVERAGE(AJ19:AL19) -> 14.416667 | AN19: 0.5 | AO19: 27 | AP19: 224 | AQ19: 225 | AR19: 226 | AS19: 227 | AT19: 228 | AU19: 229 | AV19: 230 | AW19: 231 | AX19: 232 | AY19: 233 | AZ19: 278 | BA19: Eureka; Check salinity & pH
A20: 2 | B20: =LOOKUP($D20,Site_Meta!$C$2:$C$43,Site_Meta!A$2:A$43) -> Tourmaline 30m | C20: =LOOKUP($D20,Site_Meta!$C$2:$C$43,Site_Meta!B$2:B$43) -> Cabo Rojo | D20: TOUR30 | E20: =LOOKUP($D20,Site_Meta!$C$2:$C$43,Site_Meta!D$2:D$43) -> West | F20: =LOOKUP($D20,Site_Meta!$C$2:$C$43,Site_Meta!E$2:E$43) -> W | G20: =LOOKUP($D20,Site_Meta!$C$2:$C$43,Site_Meta!F$2:F$43) -> 18.16637 | H20: =LOOKUP($D20,Site_Meta!$C$2:$C$43,Site_Meta!G$2:G$43) -> -67.2763 | I20: =LOOKUP($D20,Site_Meta!$C$2:$C$43,Site_Meta!H$2:H$43) -> 30 | J20: 10 | K20: 5 | L20: 2023 | M20: =CONCATENATE(J20,"/",K20,"/",L20) -> 10/5/2023 | N20: Anibal | O20: Adiana | P20: Erica | Q20: Manuel | R20: 0.33958333 | S20: 0.37777778 | T20: 30.49 | U20: 0.56 | V20: 35.01 | W20: 0.57 | X20: 6.19 | Y20: 0.58 | Z20: 8 | AA20: 0.58 | AB20: 29.38 | AC20: 27.45 | AD20: 35.54 | AE20: 27.39 | AF20: 6.36 | AG20: 27.39 | AH20: 8.12 | AI20: 28.09 | AJ20: NA | AK20: NA | AL20: NA | AM20: =AVERAGE(AJ20:AL20) -> #DIV/0! | AN20: NA | AO20: NA | AP20: NA | AQ20: NA | AR20: NA | AS20: NA | AT20: NA | AU20: NA | AV20: NA | AW20: NA | AX20: NA | AY20: NA | AZ20: NA | BA20: HydroLab
A21: 2 | B21: =LOOKUP($D21,Site_Meta!$C$2:$C$43,Site_Meta!A$2:A$43) -> Tourmaline 20m | C21: =LOOKUP($D21,Site_Meta!$C$2:$C$43,Site_Meta!B$2:B$43) -> Cabo Rojo | D21: TOUR20 | E21: =LOOKUP($D21,Site_Meta!$C$2:$C$43,Site_Meta!D$2:D$43) -> West | F21: =LOOKUP($D21,Site_Meta!$C$2:$C$43,Site_Meta!E$2:E$43) -> W | G21: =LOOKUP($D21,Site_Meta!$C$2:$C$43,Site_Meta!F$2:F$43) -> 18.16517 | H21: =LOOKUP($D21,Site_Meta!$C$2:$C$43,Site_Meta!G$2:G$43) -> -67.2752 | I21: =LOOKUP($D21,Site_Meta!$C$2:$C$43,Site_Meta!H$2:H$43) -> 20 | J21: 10 | K21: 5 | L21: 2023 | M21: =CONCATENATE(J21,"/",K21,"/",L21) -> 10/5/2023 | N21: Anibal | O21: Adiana | P21: Erica | Q21: Manuel | R21: 0.39583333 | S21: 0.41805556 | T21: 30.54 | U21: 0.32 | V21: 119.6 | W21: 0.58 | X21: 3.3 | Y21: 0.27 | Z21: 8.71 | AA21: 0.4 | AB21: 29.36 | AC21: 22.66 | AD21: 125.3 | AE21: 22.65 | AF21: 3.76 | AG21: 22.55 | AH21: 8.75 | AI21: 22.71 | AJ21: 10.75 | AK21: 10.75 | AL21: 11 | AM21: =AVERAGE(AJ21:AL21) -> 10.833333 | AN21: 0.5 | AO21: 22 | AP21: 202 | AQ21: 203 | AR21: 204 | AS21: 205 | AT21: 206 | AU21: 207 | AV21: 208 | AW21: 209 | AX21: 210 | AY21: 211 | AZ21: 289 | BA21: Eureka; Check salinity & pH
A22: 2 | B22: =LOOKUP($D22,Site_Meta!$C$2:$C$43,Site_Meta!A$2:A$43) -> Tourmaline 20m | C22: =LOOKUP($D22,Site_Meta!$C$2:$C$43,Site_Meta!B$2:B$43) -> Cabo Rojo | D22: TOUR20 | E22: =LOOKUP($D22,Site_Meta!$C$2:$C$43,Site_Meta!D$2:D$43) -> West | F22: =LOOKUP($D22,Site_Meta!$C$2:$C$43,Site_Meta!E$2:E$43) -> W | G22: =LOOKUP($D22,Site_Meta!$C$2:$C$43,Site_Meta!F$2:F$43) -> 18.16517 | H22: =LOOKUP($D22,Site_Meta!$C$2:$C$43,Site_Meta!G$2:G$43) -> -67.2752 | I22: =LOOKUP($D22,Site_Meta!$C$2:$C$43,Site_Meta!H$2:H$43) -> 20 | J22: 10 | K22: 5 | L22: 2023 | M22: =CONCATENATE(J22,"/",K22,"/",L22) -> 10/5/2023 | N22: Anibal | O22: Adiana | P22: Erica | Q22: Manuel | R22: 0.39583333 | S22: 0.41805556 | T22: 30.48 | U22: 0.5 | V22: 12.74 | W22: 0.54 | X22: 6.79 | Y22: 0.54 | Z22: 8.05 | AA22: 0.53 | AB22: 30.54 | AC22: 21.79 | AD22: 13.72 | AE22: 21.65 | AF22: 6.78 | AG22: 21.69 | AH22: 8.1 | AI22: 21.08 | AJ22: NA | AK22: NA | AL22: NA | AM22: =AVERAGE(AJ22:AL22) -> #DIV/0! | AN22: NA | AO22: NA | AP22: NA | AQ22: NA | AR22: NA | AS22: NA | AT22: NA | AU22: NA | AV22: NA | AW22: NA | AX22: NA | AY22: NA | AZ22: NA | BA22: HydroLab
A23: 2 | B23: =LOOKUP($D23,Site_Meta!$C$2:$C$43,Site_Meta!A$2:A$43) -> Tourmaline 10m | C23: =LOOKUP($D23,Site_Meta!$C$2:$C$43,Site_Meta!B$2:B$43) -> Cabo Rojo | D23: TOUR10 | E23: =LOOKUP($D23,Site_Meta!$C$2:$C$43,Site_Meta!D$2:D$43) -> West | F23: =LOOKUP($D23,Site_Meta!$C$2:$C$43,Site_Meta!E$2:E$43) -> W | G23: =LOOKUP($D23,Site_Meta!$C$2:$C$43,Site_Meta!F$2:F$43) -> 18.16304 | H23: =LOOKUP($D23,Site_Meta!$C$2:$C$43,Site_Meta!G$2:G$43) -> -67.2737 | I23: =LOOKUP($D23,Site_Meta!$C$2:$C$43,Site_Meta!H$2:H$43) -> 10 | J23: 10 | K23: 5 | L23: 2023 | M23: =CONCATENATE(J23,"/",K23,"/",L23) -> 10/5/2023 | N23: Anibal | O23: Adiana | P23: Erica | Q23: Manuel | R23: 0.42430556 | S23: 0.45 | T23: 30.51 | U23: 0.55 | V23: 90.09 | W23: 0.54 | X23: 4.54 | Y23: 0.64 | Z23: 8.63 | AA23: 0.77 | AB23: 30.51 | AC23: 9.57 | AD23: 94.4 | AE23: 9.68 | AF23: 4.37 | AG23: 9.92 | AH23: 8.68 | AI23: 9.5 | AJ23: >10 | AK23: >10 | AL23: >10 | AM23: =AVERAGE(AJ23:AL23) -> #DIV/0! | AN23: 0.5 | AO23: 9.5 | AP23: 213 | AQ23: 214 | AR23: 215 | AS23: 216 | AT23: 217 | AU23: 218 | AV23: 219 | AW23: 220 | AX23: 221 | AY23: 222 | AZ23: 300 | BA23: Eureka; Check salinity & pH
A24: 2 | B24: =LOOKUP($D24,Site_Meta!$C$2:$C$43,Site_Meta!A$2:A$43) -> Tourmaline 10m | C24: =LOOKUP($D24,Site_Meta!$C$2:$C$43,Site_Meta!B$2:B$43) -> Cabo Rojo | D24: TOUR10 | E24: =LOOKUP($D24,Site_Meta!$C$2:$C$43,Site_Meta!D$2:D$43) -> West | F24: =LOOKUP($D24,Site_Meta!$C$2:$C$43,Site_Meta!E$2:E$43) -> W | G24: =LOOKUP($D24,Site_Meta!$C$2:$C$43,Site_Meta!F$2:F$43) -> 18.16304 | H24: =LOOKUP($D24,Site_Meta!$C$2:$C$43,Site_Meta!G$2:G$43) -> -67.2737 | I24: =LOOKUP($D24,Site_Meta!$C$2:$C$43,Site_Meta!H$2:H$43) -> 10 | J24: 10 | K24: 5 | L24: 2023 | M24: =CONCATENATE(J24,"/",K24,"/",L24) -> 10/5/2023 | N24: Anibal | O24: Adiana | P24: Erica | Q24: Manuel | R24: 0.42430556 | S24: 0.45 | T24: 30.5 | U24: 0.5 | V24: 27.32 | W24: 0.49 | X24: 6.38 | Y24: 0.56 | Z24: 8.08 | AA24: 0.51 | AB24: 30.53 | AC24: 9.4 | AD24: 27.91 | AE24: 9.54 | AF24: 6.31 | AG24: 9.51 | AH24: 8.1 | AI24: 9.55 | AJ24: NA | AK24: NA | AL24: NA | AM24: =AVERAGE(AJ24:AL24) -> #DIV/0! | AN24: NA | AO24: NA | AP24: NA | AQ24: NA | AR24: NA | AS24: NA | AT24: NA | AU24: NA | AV24: NA | AW24: NA | AX24: NA | AY24: NA | AZ24: NA | BA24: HydroLab
A25: 2 | B25: =LOOKUP($D25,Site_Meta!$C$2:$C$43,Site_Meta!A$2:A$43) -> Dominos 5m | C25: =LOOKUP($D25,Site_Meta!$C$2:$C$43,Site_Meta!B$2:B$43) -> San Juan | D25: DOMI05 | E25: =LOOKUP($D25,Site_Meta!$C$2:$C$43,Site_Meta!D$2:D$43) -> North/Northeast | F25: =LOOKUP($D25,Site_Meta!$C$2:$C$43,Site_Meta!E$2:E$43) -> N | G25: =LOOKUP($D25,Site_Meta!$C$2:$C$43,Site_Meta!F$2:F$43) -> 18.46222 | H25: =LOOKUP($D25,Site_Meta!$C$2:$C$43,Site_Meta!G$2:G$43) -> -66.0517 | I25: =LOOKUP($D25,Site_Meta!$C$2:$C$43,Site_Meta!H$2:H$43) -> 5 | J25: 10 | K25: 6 | L25: 2023 | M25: =CONCATENATE(J25,"/",K25,"/",L25) -> 10/6/2023 | N25: Rodolfo | O25: Leira | P25: Manuel | R25: 0.39722222 | S25: 0.41111111 | T25: 29.85 | U25: 0.63 | V25: 14.79 | W25: 0.53 | X25: 6.67 | Y25: 0.44 | Z25: 7.96 | AA25: 0.45 | AB25: 29.81 | AC25: 4 | AD25: 7.09 | AE25: 4.03 | AF25: 7.02 | AG25: 4.04 | AH25: 8.05 | AI25: 4.02 | AJ25: >4.5 | AK25: >4.5 | AL25: >4.5 | AM25: =AVERAGE(AJ25:AL25) -> #DIV/0! | AN25: 0.5 | AO25: 4 | AP25: 301 | AQ25: 302 | AR25: 303 | AS25: 304 | AT25: 305 | AU25: 306 | AV25: 307 | AW25: 308 | AX25: 309 | AY25: 310 | AZ25: 333 | BA25: Check salinity & pH
A26: 2 | B26: =LOOKUP($D26,Site_Meta!$C$2:$C$43,Site_Meta!A$2:A$43) -> Cibuco 05m | C26: =LOOKUP($D26,Site_Meta!$C$2:$C$43,Site_Meta!B$2:B$43) -> Vega Baja | D26: CIBU05 | E26: =LOOKUP($D26,Site_Meta!$C$2:$C$43,Site_Meta!D$2:D$43) -> North/Northeast | F26: =LOOKUP($D26,Site_Meta!$C$2:$C$43,Site_Meta!E$2:E$43) -> N | G26: =LOOKUP($D26,Site_Meta!$C$2:$C$43,Site_Meta!F$2:F$43) -> 18.48955 | H26: =LOOKUP($D26,Site_Meta!$C$2:$C$43,Site_Meta!G$2:G$43) -> -66.3736 | I26: =LOOKUP($D26,Site_Meta!$C$2:$C$43,Site_Meta!H$2:H$43) -> 10 | J26: 10 | K26: 6 | L26: 2023 | M26: =CONCATENATE(J26,"/",K26,"/",L26) -> 10/6/2023 | N26: Rodolfo | O26: Leira | P26: Manuel | R26: 0.27847222 | S26: 0.29236111 | T26: 29.65 | U26: 0.42 | V26: 34.71 | W26: 0.42 | X26: 5.79 | Y26: 0.45 | Z26: 7.69 | AA26: 0.49 | AB26: 29.85 | AC26: 1.92 | AD26: 34.45 | AE26: 1.97 | AF26: 5.73 | AG26: 2.01 | AH26: 7.95 | AI26: 2.03 | AJ26: >2.5 | AK26: >2.5 | AL26: >2.5 | AM26: =AVERAGE(AJ26:AL26) -> #DIV/0! | AN26: 0.5 | AO26: 2 | AP26: 323 | AQ26: 324 | AR26: 325 | AS26: 326 | AT26: 327 | AU26: 328 | AV26: 329 | AW26: 330 | AX26: 331 | AY26: 332 | AZ26: 311 | BA26: Check salinity & pH
A27: 2 | B27: =LOOKUP($D27,Site_Meta!$C$2:$C$43,Site_Meta!A$2:A$43) -> Cibuco 05m | C27: =LOOKUP($D27,Site_Meta!$C$2:$C$43,Site_Meta!B$2:B$43) -> Vega Baja | D27: CIBU05-R | E27: =LOOKUP($D27,Site_Meta!$C$2:$C$43,Site_Meta!D$2:D$43) -> North/Northeast | F27: =LOOKUP($D27,Site_Meta!$C$2:$C$43,Site_Meta!E$2:E$43) -> N | G27: =LOOKUP($D27,Site_Meta!$C$2:$C$43,Site_Meta!F$2:F$43) -> 18.48955 | H27: =LOOKUP($D27,Site_Meta!$C$2:$C$43,Site_Meta!G$2:G$43) -> -66.3736 | I27: =LOOKUP($D27,Site_Meta!$C$2:$C$43,Site_Meta!H$2:H$43) -> 10 | J27: 10 | K27: 6 | L27: 2023 | M27: =CONCATENATE(J27,"/",K27,"/",L27) -> 10/6/2023 | N27: Rodolfo | O27: Leira | P27: Manuel | R27: 0.29722222 | S27: 0.30555556 | T27: 29.85 | U27: 0.49 | V27: 31.76 | W27: 0.52 | X27: 5.88 | Y27: 0.51 | Z27: 7.74 | AA27: 0.52 | AB27: 29.9 | AC27: 2.45 | AD27: 8.64 | AE27: 2.5 | AF27: 6.72 | AG27: 2.5 | AH27: 8.01 | AI27: 2.48 | AJ27: >2.5 | AK27: >2.5 | AL27: >2.5 | AM27: =AVERAGE(AJ27:AL27) -> #DIV/0! | AN27: 0.5 | AO27: 2.5 | AP27: 334 | AQ27: 335 | AR27: 336 | AS27: 337 | AT27: 338 | AU27: 339 | AV27: 340 | AW27: 341 | AX27: 342 | AY27: 343 | AZ27: 322 | BA27: Check salinity & pH
A28: 2 | B28: =LOOKUP($D28,Site_Meta!$C$2:$C$43,Site_Meta!A$2:A$43) -> Dakiti 20m | C28: =LOOKUP($D28,Site_Meta!$C$2:$C$43,Site_Meta!B$2:B$43) -> Isla Culebra | D28: DAKI20 | E28: =LOOKUP($D28,Site_Meta!$C$2:$C$43,Site_Meta!D$2:D$43) -> Vieques/Culebra | F28: =LOOKUP($D28,Site_Meta!$C$2:$C$43,Site_Meta!E$2:E$43) -> E | G28: =LOOKUP($D28,Site_Meta!$C$2:$C$43,Site_Meta!F$2:F$43) -> 18.27587 | H28: =LOOKUP($D28,Site_Meta!$C$2:$C$43,Site_Meta!G$2:G$43) -> -65.2773 | I28: =LOOKUP($D28,Site_Meta!$C$2:$C$43,Site_Meta!H$2:H$43) -> 20 | J28: 10 | K28: 13 | L28: 2023 | M28: =CONCATENATE(J28,"/",K28,"/",L28) -> 10/13/2023 | N28: Tyrone | O28: Adiana | P28: Manuel | R28: 0.3 | S28: 0.32083333 | T28: 29.56 | U28: 0.52 | V28: 36.04 | W28: 0.55 | X28: 6.26 | Y28: 0.55 | Z28: 7.78 | AA28: 0.52 | AB28: 29.92 | AC28: 20.07 | AD28: 36.23 | AE28: 20.07 | AF28: 5.52 | AG28: 20.06 | AH28: 8.05 | AI28: 20.06 | AJ28: >20 | AK28: >20 | AL28: >20 | AM28: =AVERAGE(AJ28:AL28) -> #DIV/0! | AN28: 0.5 | AO28: 20 | AP28: 389 | AQ28: 390 | AR28: 391 | AS28: 392 | AT28: 393 | AU28: 394 | AV28: 395 | AW28: 396 | AX28: 397 | AY28: 398 | AZ28: 454 | BA28: Eureka; Check salinity & pH
A29: 2 | B29: =LOOKUP($D29,Site_Meta!$C$2:$C$43,Site_Meta!A$2:A$43) -> Dakiti 20m | C29: =LOOKUP($D29,Site_Meta!$C$2:$C$43,Site_Meta!B$2:B$43) -> Isla Culebra | D29: DAKI20-R | E29: =LOOKUP($D29,Site_Meta!$C$2:$C$43,Site_Meta!D$2:D$43) -> Vieques/Culebra | F29: =LOOKUP($D29,Site_Meta!$C$2:$C$43,Site_Meta!E$2:E$43) -> E | G29: =LOOKUP($D29,Site_Meta!$C$2:$C$43,Site_Meta!F$2:F$43) -> 18.27587 | H29: =LOOKUP($D29,Site_Meta!$C$2:$C$43,Site_Meta!G$2:G$43) -> -65.2773 | I29: =LOOKUP($D29,Site_Meta!$C$2:$C$43,Site_Meta!H$2:H$43) -> 20 | J29: 10 | K29: 13 | L29: 2023 | M29: =CONCATENATE(J29,"/",K29,"/",L29) -> 10/13/2023 | N29: Tyrone | O29: Adiana | P29: Manuel | R29: 0.32638889 | S29: 0.34166667 | T29: 29.7 | U29: 0.5 | V29: 35.99 | W29: 0.5 | X29: 6.13 | Y29: 0.49 | Z29: 7.94 | AA29: 0.48 | AB29: 29.92 | AC29: 19.93 | AD29: 36.2 | AE29: 19.97 | AF29: 5.72 | AG29: 19.98 | AH29: 8.08 | AI29: 19.97 | AJ29: >20 | AK29: >20 | AL29: >20 | AM29: =AVERAGE(AJ29:AL29) -> #DIV/0! | AN29: 0.5 | AO29: 20 | AP29: 312 | AQ29: 313 | AR29: 314 | AS29: 315 | AT29: 316 | AU29: 317 | AV29: 318 | AW29: 319 | AX29: 320 | AY29: 321 | AZ29: 465 | BA29: Eureka; Check salinity & pH
A30: 2 | B30: =LOOKUP($D30,Site_Meta!$C$2:$C$43,Site_Meta!A$2:A$43) -> Canal Luis Pena 5m | C30: =LOOKUP($D30,Site_Meta!$C$2:$C$43,Site_Meta!B$2:B$43) -> Isla Culebra | D30: LPEN05 | E30: =LOOKUP($D30,Site_Meta!$C$2:$C$43,Site_Meta!D$2:D$43) -> Vieques/Culebra | F30: =LOOKUP($D30,Site_Meta!$C$2:$C$43,Site_Meta!E$2:E$43) -> E | G30: =LOOKUP($D30,Site_Meta!$C$2:$C$43,Site_Meta!F$2:F$43) -> 18.30493 | H30: =LOOKUP($D30,Site_Meta!$C$2:$C$43,Site_Meta!G$2:G$43) -> -65.3277 | I30: =LOOKUP($D30,Site_Meta!$C$2:$C$43,Site_Meta!H$2:H$43) -> 5 | J30: 10 | K30: 13 | L30: 2023 | M30: =CONCATENATE(J30,"/",K30,"/",L30) -> 10/13/2023 | N30: Tyrone | O30: Adiana | P30: Manuel | R30: 0.35625 | S30: 0.37083333 | T30: 29.67 | U30: 0.51 | V30: 35.88 | W30: 0.51 | X30: 5.84 | Y30: 0.52 | Z30: 7.73 | AA30: 0.52 | AB30: 29.81 | AC30: 4.58 | AD30: 35.82 | AE30: 4.53 | AF30: 5.82 | AG30: 4.53 | AH30: 8.03 | AI30: 4.53 | AJ30: >5 | AK30: >5 | AL30: >5 | AM30: =AVERAGE(AJ30:AL30) -> #DIV/0! | AN30: 0.5 | AO30: 5 | AP30: 378 | AQ30: 379 | AR30: 380 | AS30: 381 | AT30: 382 | AU30: 383 | AV30: 384 | AW30: 385 | AX30: 387 | AY30: 386 | AZ30: 476 | BA30: Eureka; Check salinity & pH
A31: 2 | B31: =LOOKUP($D31,Site_Meta!$C$2:$C$43,Site_Meta!A$2:A$43) -> Carlos Rosario 10m | C31: =LOOKUP($D31,Site_Meta!$C$2:$C$43,Site_Meta!B$2:B$43) -> Isla Culebra | D31: CROS10 | E31: =LOOKUP($D31,Site_Meta!$C$2:$C$43,Site_Meta!D$2:D$43) -> Vieques/Culebra | F31: =LOOKUP($D31,Site_Meta!$C$2:$C$43,Site_Meta!E$2:E$43) -> E | G31: =LOOKUP($D31,Site_Meta!$C$2:$C$43,Site_Meta!F$2:F$43) -> 18.32779 | H31: =LOOKUP($D31,Site_Meta!$C$2:$C$43,Site_Meta!G$2:G$43) -> -65.332 | I31: =LOOKUP($D31,Site_Meta!$C$2:$C$43,Site_Meta!H$2:H$43) -> 10 | J31: 10 | K31: 13 | L31: 2023 | M31: =CONCATENATE(J31,"/",K31,"/",L31) -> 10/13/2023 | N31: Tyrone | O31: Adiana | P31: Manuel | R31: 0.39166667 | S31: 0.40833333 | T31: 29.89 | U31: 0.44 | V31: 36.07 | W31: 0.49 | X31: 6.11 | Y31: 0.5 | Z31: 7.92 | AA31: 0.5 | AB31: 29.9 | AC31: 10.01 | AD31: 35.89 | AE31: 9.95 | AF31: 6.06 | AG31: 9.97 | AH31: 8.1 | AI31: 9.98 | AJ31: >10 | AK31: >10 | AL31: >10 | AM31: =AVERAGE(AJ31:AL31) -> #DIV/0! | AN31: 0.5 | AO31: 10 | AP31: 356 | AQ31: 357 | AR31: 358 | AS31: 359 | AT31: 360 | AU31: 361 | AV31: 362 | AW31: 363 | AX31: 364 | AY31: 365 | AZ31: 487 | BA31: Eureka; Check salinity & pH
A32: 2 | B32: =LOOKUP($D32,Site_Meta!$C$2:$C$43,Site_Meta!A$2:A$43) -> El Seco 30m | C32: =LOOKUP($D32,Site_Meta!$C$2:$C$43,Site_Meta!B$2:B$43) -> Isla Vieques | D32: SECO30 | E32: =LOOKUP($D32,Site_Meta!$C$2:$C$43,Site_Meta!D$2:D$43) -> Vieques/Culebra | F32: =LOOKUP($D32,Site_Meta!$C$2:$C$43,Site_Meta!E$2:E$43) -> E | G32: =LOOKUP($D32,Site_Meta!$C$2:$C$43,Site_Meta!F$2:F$43) -> 18.13869 | H32: =LOOKUP($D32,Site_Meta!$C$2:$C$43,Site_Meta!G$2:G$43) -> -65.1971 | I32: =LOOKUP($D32,Site_Meta!$C$2:$C$43,Site_Meta!H$2:H$43) -> 30 | J32: 10 | K32: 14 | L32: 2023 | M32: =CONCATENATE(J32,"/",K32,"/",L32) -> 10/14/2023 | N32: Tyrone | O32: Irais | P32: Manuel | R32: 0.31805556 | S32: 0.34375 | T32: 29.81 | U32: 0.54 | V32: 29.34 | W32: 0.54 | X32: 6.55 | Y32: 0.55 | Z32: 7.89 | AA32: 0.55 | AB32: 29.29 | AC32: 35.45 | AD32: 25.84 | AE32: 35.48 | AF32: 6.15 | AG32: 35.52 | AH32: 8.07 | AI32: 35.51 | AJ32: >34 | AK32: >34 | AL32: >34 | AM32: =AVERAGE(AJ32:AL32) -> #DIV/0! | AN32: 0.5 | AO32: 35 | AP32: 455 | AQ32: 456 | AR32: 457 | AS32: 458 | AT32: 459 | AU32: 460 | AV32: 461 | AW32: 462 | AX32: 463 | AY32: 464 | AZ32: 498 | BA32: Eureka; Check salinity & pH
A33: 2 | B33: =LOOKUP($D33,Site_Meta!$C$2:$C$43,Site_Meta!A$2:A$43) -> Dominos 5m | C33: =LOOKUP($D33,Site_Meta!$C$2:$C$43,Site_Meta!B$2:B$43) -> San Juan | D33: ESP10 | E33: =LOOKUP($D33,Site_Meta!$C$2:$C$43,Site_Meta!D$2:D$43) -> North/Northeast | F33: =LOOKUP($D33,Site_Meta!$C$2:$C$43,Site_Meta!E$2:E$43) -> N | G33: =LOOKUP($D33,Site_Meta!$C$2:$C$43,Site_Meta!F$2:F$43) -> 18.46222 | H33: =LOOKUP($D33,Site_Meta!$C$2:$C$43,Site_Meta!G$2:G$43) -> -66.0517 | I33: =LOOKUP($D33,Site_Meta!$C$2:$C$43,Site_Meta!H$2:H$43) -> 5 | J33: 10 | K33: 14 | L33: 2023 | M33: =CONCATENATE(J33,"/",K33,"/",L33) -> 10/14/2023 | N33: Tyrone | O33: Irais | P33: Manuel | R33: 0.38541667 | S33: 0.40555556 | T33: 30.3 | U33: 0.55 | V33: 35.32 | W33: 0.55 | X33: 6.36 | Y33: 0.54 | Z33: 7.69 | AA33: 0.54 | AB33: 30.13 | AC33: 12.03 | AD33: 35.49 | AE33: 12.02 | AF33: 6.2 | AG33: 12.03 | AH33: 6.58 | AI33: 12 | AJ33: >12 | AK33: >12 | AL33: >12 | AM33: =AVERAGE(AJ33:AL33) -> #DIV/0! | AN33: 0.5 | AO33: 12 | AP33: 345 | AQ33: 346 | AR33: 347 | AS33: 348 | AT33: 349 | AU33: 350 | AV33: 351 | AW33: 352 | AX33: 353 | AY33: 354 | AZ33: 509 | BA33: Eureka; Check salinity & pH
A34: 2 | B34: =LOOKUP($D34,Site_Meta!$C$2:$C$43,Site_Meta!A$2:A$43) -> Canjilones 15m | C34: =LOOKUP($D34,Site_Meta!$C$2:$C$43,Site_Meta!B$2:B$43) -> Isla Vieques | D34: CANJ15 | E34: =LOOKUP($D34,Site_Meta!$C$2:$C$43,Site_Meta!D$2:D$43) -> Vieques/Culebra | F34: =LOOKUP($D34,Site_Meta!$C$2:$C$43,Site_Meta!E$2:E$43) -> E | G34: =LOOKUP($D34,Site_Meta!$C$2:$C$43,Site_Meta!F$2:F$43) -> 18.08964 | H34: =LOOKUP($D34,Site_Meta!$C$2:$C$43,Site_Meta!G$2:G$43) -> -65.5901 | I34: =LOOKUP($D34,Site_Meta!$C$2:$C$43,Site_Meta!H$2:H$43) -> 15 | J34: 10 | K34: 14 | L34: 2023 | M34: =CONCATENATE(J34,"/",K34,"/",L34) -> 10/14/2023 | N34: Tyrone | O34: Irais | P34: Manuel | R34: 0.425 | S34: 0.44236111 | T34: 30.13 | U34: 0.51 | V34: 34.83 | W34: 0.51 | X34: 6.35 | Y34: 0.5 | Z34: 7.05 | AA34: 0.51 | AB34: 30.02 | AC34: 14.94 | AD34: 35.61 | AE34: 15 | AF34: 5.48 | AG34: 15 | AH34: 6.9 | AI34: 15.01 | AJ34: >15 | AK34: >15 | AL34: >15 | AM34: =AVERAGE(AJ34:AL34) -> #DIV/0! | AN34: 0.5 | AO34: 15 | AP34: 444 | AQ34: 445 | AR34: 446 | AS34: 447 | AT34: 448 | AU34: 449 | AV34: 450 | AW34: 451 | AX34: 452 | AY34: 453 | AZ34: 520 | BA34: Eureka; Check salinity & pH
A35: 2 | B35: =LOOKUP($D35,Site_Meta!$C$2:$C$43,Site_Meta!A$2:A$43) -> Cabezas de San Juan 5m | C35: =LOOKUP($D35,Site_Meta!$C$2:$C$43,Site_Meta!B$2:B$43) -> Fajardo | D35: CABE05 | E35: =LOOKUP($D35,Site_Meta!$C$2:$C$43,Site_Meta!D$2:D$43) -> North/Northeast | F35: =LOOKUP($D35,Site_Meta!$C$2:$C$43,Site_Meta!E$2:E$43) -> E | G35: =LOOKUP($D35,Site_Meta!$C$2:$C$43,Site_Meta!F$2:F$43) -> 18.38544 | H35: =LOOKUP($D35,Site_Meta!$C$2:$C$43,Site_Meta!G$2:G$43) -> -65.6297 | I35: =LOOKUP($D35,Site_Meta!$C$2:$C$43,Site_Meta!H$2:H$43) -> 5 | J35: 10 | K35: 15 | L35: 2023 | M35: =CONCATENATE(J35,"/",K35,"/",L35) -> 10/15/2023 | N35: Tyrone | O35: Adiana | P35: Manuel | R35: 0.28125 | S35: 0.28472222 | T35: 30.64 | U35: 0.68 | V35: 36.59 | W35: 0.7 | X35: 4.61 | Y35: 0.7 | Z35: 7.65 | AA35: 0.7 | AB35: 31.78 | AC35: 6.5 | AD35: 36.06 | AE35: 6.7 | AF35: 4.51 | AG35: 6.9 | AH35: 7.72 | AI35: 7 | AJ35: >7.5 | AK35: >7.5 | AL35: >7.5 | AM35: =AVERAGE(AJ35:AL35) -> #DIV/0! | AN35: NA | AO35: NA | AP35: NA | AQ35: NA | AR35: NA | AS35: NA | AT35: NA | AU35: NA | AV35: NA | AW35: NA | AX35: NA | AY35: NA | AZ35: NA | BA35: YSI; Check salinity & pH
A36: 2 | B36: =LOOKUP($D36,Site_Meta!$C$2:$C$43,Site_Meta!A$2:A$43) -> Cabezas de San Juan 5m | C36: =LOOKUP($D36,Site_Meta!$C$2:$C$43,Site_Meta!B$2:B$43) -> Fajardo | D36: CABE05 | E36: =LOOKUP($D36,Site_Meta!$C$2:$C$43,Site_Meta!D$2:D$43) -> North/Northeast | F36: =LOOKUP($D36,Site_Meta!$C$2:$C$43,Site_Meta!E$2:E$43) -> E | G36: =LOOKUP($D36,Site_Meta!$C$2:$C$43,Site_Meta!F$2:F$43) -> 18.38544 | H36: =LOOKUP($D36,Site_Meta!$C$2:$C$43,Site_Meta!G$2:G$43) -> -65.6297 | I36: =LOOKUP($D36,Site_Meta!$C$2:$C$43,Site_Meta!H$2:H$43) -> 5 | J36: 10 | K36: 15 | L36: 2023 | M36: =CONCATENATE(J36,"/",K36,"/",L36) -> 10/15/2023 | N36: Tyrone | O36: Adiana | P36: Manuel | R36: 0.28541667 | S36: 0.30208333 | T36: 29.88 | U36: 0.47 | V36: 36.32 | W36: 0.51 | X36: 5.76 | Y36: 0.52 | Z36: 7.09 | AA36: 0.52 | AB36: 30.05 | AC36: 7.43 | AD36: 35.96 | AE36: 7.44 | AF36: 5.74 | AG36: 7.44 | AH36: 7.14 | AI36: 7.4 | AJ36: >7.5 | AK36: >7.5 | AL36: >7.5 | AM36: =AVERAGE(AJ36:AL36) -> #DIV/0! | AN36: 0.5 | AO36: 7.5 | AP36: 400 | AQ36: 401 | AR36: 402 | AS36: 403 | AT36: 404 | AU36: 405 | AV36: 406 | AW36: 407 | AX36: 408 | AY36: 409 | AZ36: 531 | BA36: HydroLab
A37: 2 | B37: =LOOKUP($D37,Site_Meta!$C$2:$C$43,Site_Meta!A$2:A$43) -> Cayo Diablo 5m | C37: =LOOKUP($D37,Site_Meta!$C$2:$C$43,Site_Meta!B$2:B$43) -> Fajardo | D37: DIAB05 | E37: =LOOKUP($D37,Site_Meta!$C$2:$C$43,Site_Meta!D$2:D$43) -> North/Northeast | F37: =LOOKUP($D37,Site_Meta!$C$2:$C$43,Site_Meta!E$2:E$43) -> E | G37: =LOOKUP($D37,Site_Meta!$C$2:$C$43,Site_Meta!F$2:F$43) -> 18.36033 | H37: =LOOKUP($D37,Site_Meta!$C$2:$C$43,Site_Meta!G$2:G$43) -> -65.5309 | I37: =LOOKUP($D37,Site_Meta!$C$2:$C$43,Site_Meta!H$2:H$43) -> 5 | J37: 10 | K37: 15 | L37: 2023 | M37: =CONCATENATE(J37,"/",K37,"/",L37) -> 10/15/2023 | N37: Tyrone | O37: Adiana | P37: Manuel | R37: 0.35069444 | S37: 0.35763889 | T37: 30.4 | U37: 0.51 | V37: 36.75 | W37: 0.51 | X37: 5.16 | Y37: 0.51 | Z37: 6.19 | AA37: 0.51 | AB37: 31.97 | AC37: 3.55 | AD37: 35.76 | AE37: 3.55 | AF37: 4.52 | AG37: 3.55 | AH37: 7.16 | AI37: 3.55 | AJ37: >3.5 | AK37: >3.5 | AL37: >3.5 | AM37: =AVERAGE(AJ37:AL37) -> #DIV/0! | AN37: NA | AO37: NA | AP37: NA | AQ37: NA | AR37: NA | AS37: NA | AT37: NA | AU37: NA | AV37: NA | AW37: NA | AX37: NA | AY37: NA | AZ37: NA | BA37: YSI; unnattended; Check salinity & pH
A38: 2 | B38: =LOOKUP($D38,Site_Meta!$C$2:$C$43,Site_Meta!A$2:A$43) -> Cayo Diablo 5m | C38: =LOOKUP($D38,Site_Meta!$C$2:$C$43,Site_Meta!B$2:B$43) -> Fajardo | D38: DIAB05 | E38: =LOOKUP($D38,Site_Meta!$C$2:$C$43,Site_Meta!D$2:D$43) -> North/Northeast | F38: =LOOKUP($D38,Site_Meta!$C$2:$C$43,Site_Meta!E$2:E$43) -> E | G38: =LOOKUP($D38,Site_Meta!$C$2:$C$43,Site_Meta!F$2:F$43) -> 18.36033 | H38: =LOOKUP($D38,Site_Meta!$C$2:$C$43,Site_Meta!G$2:G$43) -> -65.5309 | I38: =LOOKUP($D38,Site_Meta!$C$2:$C$43,Site_Meta!H$2:H$43) -> 5 | J38: 10 | K38: 15 | L38: 2023 | M38: =CONCATENATE(J38,"/",K38,"/",L38) -> 10/15/2023 | N38: Tyrone | O38: Adiana | P38: Manuel | R38: 0.32291667 | S38: 0.33611111 | T38: 30.24 | U38: 0.44 | V38: 35.88 | W38: 0.43 | X38: 6.01 | Y38: 0.43 | Z38: 7.83 | AA38: 0.43 | AB38: 30.28 | AC38: 3.5 | AD38: 35.86 | AE38: 3.4 | AF38: 5.79 | AG38: 3.3 | AH38: 8 | AI38: 3.3 | AJ38: >3.5 | AK38: >3.5 | AL38: >3.5 | AM38: =AVERAGE(AJ38:AL38) -> #DIV/0! | AN38: 0.5 | AO38: 3.5 | AP38: 411 | AQ38: 412 | AR38: 413 | AS38: 414 | AT38: 415 | AU38: 416 | AV38: 417 | AW38: 418 | AX38: 419 | AY38: 420 | AZ38: 410 | BA38: HydroLab
A39: 2 | B39: =LOOKUP($D39,Site_Meta!$C$2:$C$43,Site_Meta!A$2:A$43) -> Palominitos 10m | C39: =LOOKUP($D39,Site_Meta!$C$2:$C$43,Site_Meta!B$2:B$43) -> Fajardo | D39: PALT10 | E39: =LOOKUP($D39,Site_Meta!$C$2:$C$43,Site_Meta!D$2:D$43) -> North/Northeast | F39: =LOOKUP($D39,Site_Meta!$C$2:$C$43,Site_Meta!E$2:E$43) -> E | G39: =LOOKUP($D39,Site_Meta!$C$2:$C$43,Site_Meta!F$2:F$43) -> 18.33537 | H39: =LOOKUP($D39,Site_Meta!$C$2:$C$43,Site_Meta!G$2:G$43) -> -65.5656 | I39: =LOOKUP($D39,Site_Meta!$C$2:$C$43,Site_Meta!H$2:H$43) -> 10 | J39: 10 | K39: 15 | L39: 2023 | M39: =CONCATENATE(J39,"/",K39,"/",L39) -> 10/15/2023 | N39: Tyrone | O39: Adiana | P39: Manuel | R39: 0.38819444 | S39: 0.39444444 | T39: 30.16 | U39: 0.6 | V39: 37.02 | W39: 0.6 | X39: 5.25 | Y39: 0.6 | Z39: 6.22 | AA39: 0.6 | AB39: 32.01 | AC39: 5.84 | AD39: 35.77 | AE39: 5.84 | AF39: 5.89 | AG39: 5.84 | AH39: 7.18 | AI39: 5.84 | AJ39: >8.5 | AK39: >8.5 | AL39: >8.5 | AM39: =AVERAGE(AJ39:AL39) -> #DIV/0! | AN39: NA | AO39: NA | AP39: NA | AQ39: NA | AR39: NA | AS39: NA | AT39: NA | AU39: NA | AV39: NA | AW39: NA | AX39: NA | AY39: NA | AZ39: NA | BA39: YSI; unnattended; Check salinity & pH
A40: 2 | B40: =LOOKUP($D40,Site_Meta!$C$2:$C$43,Site_Meta!A$2:A$43) -> Palominitos 10m | C40: =LOOKUP($D40,Site_Meta!$C$2:$C$43,Site_Meta!B$2:B$43) -> Fajardo | D40: PALT10 | E40: =LOOKUP($D40,Site_Meta!$C$2:$C$43,Site_Meta!D$2:D$43) -> North/Northeast | F40: =LOOKUP($D40,Site_Meta!$C$2:$C$43,Site_Meta!E$2:E$43) -> E | G40: =LOOKUP($D40,Site_Meta!$C$2:$C$43,Site_Meta!F$2:F$43) -> 18.33537 | H40: =LOOKUP($D40,Site_Meta!$C$2:$C$43,Site_Meta!G$2:G$43) -> -65.5656 | I40: =LOOKUP($D40,Site_Meta!$C$2:$C$43,Site_Meta!H$2:H$43) -> 10 | J40: 10 | K40: 15 | L40: 2023 | M40: =CONCATENATE(J40,"/",K40,"/",L40) -> 10/15/2023 | N40: Tyrone | O40: Adiana | P40: Manuel | R40: 0.35277778 | S40: 0.37430556 | T40: 30.35 | U40: 0.53 | V40: 35.61 | W40: 0.55 | X40: 6.3 | Y40: 0.54 | Z40: 7.81 | AA40: 0.54 | AB40: 30.36 | AC40: 8.5 | AD40: 34.23 | AE40: 8.2 | AF40: 6.12 | AG40: 8.1 | AH40: 8.11 | AI40: 7.96 | AJ40: >8.5 | AK40: >8.5 | AL40: >8.5 | AM40: =AVERAGE(AJ40:AL40) -> #DIV/0! | AN40: 0.5 | AO40: 8.5 | AP40: 422 | AQ40: 423 | AR40: 424 | AS40: 425 | AT40: 426 | AU40: 427 | AV40: 428 | AW40: 429 | AX40: 430 | AY40: 431 | AZ40: 421 | BA40: HydroLab
A41: 2 | B41: =LOOKUP($D41,Site_Meta!$C$2:$C$43,Site_Meta!A$2:A$43) -> Palominos 20m | C41: =LOOKUP($D41,Site_Meta!$C$2:$C$43,Site_Meta!B$2:B$43) -> Fajardo | D41: PALN20 | E41: =LOOKUP($D41,Site_Meta!$C$2:$C$43,Site_Meta!D$2:D$43) -> North/Northeast | F41: =LOOKUP($D41,Site_Meta!$C$2:$C$43,Site_Meta!E$2:E$43) -> E | G41: =LOOKUP($D41,Site_Meta!$C$2:$C$43,Site_Meta!F$2:F$43) -> 18.35466 | H41: =LOOKUP($D41,Site_Meta!$C$2:$C$43,Site_Meta!G$2:G$43) -> -65.5671 | I41: =LOOKUP($D41,Site_Meta!$C$2:$C$43,Site_Meta!H$2:H$43) -> 20 | J41: 10 | K41: 15 | L41: 2023 | M41: =CONCATENATE(J41,"/",K41,"/",L41) -> 10/15/2023 | N41: Tyrone | O41: Adiana | P41: Manuel | R41: 0.41041667 | S41: 0.42083333 | T41: 30.76 | U41: 0.63 | V41: 36.68 | W41: 0.63 | X41: 5.17 | Y41: 0.63 | Z41: 6.49 | AA41: 0.63 | AB41: 32.04 | AC41: 18.15 | AD41: 35.77 | AE41: 18.15 | AF41: 4.91 | AG41: 18.15 | AH41: 6.99 | AI41: 18.15 | AJ41: 12.25 | AK41: 12.5 | AL41: 12.5 | AM41: =AVERAGE(AJ41:AL41) -> 12.416667 | AN41: NA | AO41: NA | AP41: NA | AQ41: NA | AR41: NA | AS41: NA | AT41: NA | AU41: NA | AV41: NA | AW41: NA | AX41: NA | AY41: NA | AZ41: NA | BA41: YSI; unnattended; Check salinity & pH
A42: 2 | B42: =LOOKUP($D42,Site_Meta!$C$2:$C$43,Site_Meta!A$2:A$43) -> Palominos 20m | C42: =LOOKUP($D42,Site_Meta!$C$2:$C$43,Site_Meta!B$2:B$43) -> Fajardo | D42: PALN20 | E42: =LOOKUP($D42,Site_Meta!$C$2:$C$43,Site_Meta!D$2:D$43) -> North/Northeast | F42: =LOOKUP($D42,Site_Meta!$C$2:$C$43,Site_Meta!E$2:E$43) -> E | G42: =LOOKUP($D42,Site_Meta!$C$2:$C$43,Site_Meta!F$2:F$43) -> 18.35466 | H42: =LOOKUP($D42,Site_Meta!$C$2:$C$43,Site_Meta!G$2:G$43) -> -65.5671 | I42: =LOOKUP($D42,Site_Meta!$C$2:$C$43,Site_Meta!H$2:H$43) -> 20 | J42: 10 | K42: 15 | L42: 2023 | M42: =CONCATENATE(J42,"/",K42,"/",L42) -> 10/15/2023 | N42: Tyrone | O42: Adiana | P42: Manuel | R42: 0.40694444 | S42: 0.42152778 | T42: NA | U42: NA | V42: NA | W42: NA | X42: NA | Y42: NA | Z42: NA | AA42: NA | AB42: NA | AC42: NA | AD42: NA | AE42: NA | AF42: NA | AG42: NA | AH42: NA | AI42: NA | AJ42: 12.25 | AK42: 12.5 | AL42: 12.5 | AM42: =AVERAGE(AJ42:AL42) -> 12.416667 | AN42: 0.5 | AO42: 17.5 | AP42: 433 | AQ42: 434 | AR42: 435 | AS42: 436 | AT42: 437 | AU42: 438 | AV42: 439 | AW42: 440 | AX42: 441 | AY42: 442 | AZ42: 432 | BA42: HydroLab
A43: 2 | B43: =LOOKUP($D43,Site_Meta!$C$2:$C$43,Site_Meta!A$2:A$43) -> Puerto Botes 20m | C43: =LOOKUP($D43,Site_Meta!$C$2:$C$43,Site_Meta!B$2:B$43) -> Isla Desecheo | D43: BOTE20 | E43: =LOOKUP($D43,Site_Meta!$C$2:$C$43,Site_Meta!D$2:D$43) -> Mona/Desecheo | F43: =LOOKUP($D43,Site_Meta!$C$2:$C$43,Site_Meta!E$2:E$43) -> W | G43: =LOOKUP($D43,Site_Meta!$C$2:$C$43,Site_Meta!F$2:F$43) -> 18.38158 | H43: =LOOKUP($D43,Site_Meta!$C$2:$C$43,Site_Meta!G$2:G$43) -> -67.4886 | I43: =LOOKUP($D43,Site_Meta!$C$2:$C$43,Site_Meta!H$2:H$43) -> 20 | J43: 10 | K43: 23 | L43: 2023 | M43: =CONCATENATE(J43,"/",K43,"/",L43) -> 10/23/2023 | N43: Anibal | O43: Adiana | P43: Leira | R43: 0.39722222 | S43: 0.42638889 | T43: 30.19 | U43: 0.68 | V43: 35.82 | W43: 0.72 | X43: 6.18 | Y43: 0.75 | Z43: 8.18 | AA43: 0.7 | AB43: 30.9 | AC43: 18.2 | AD43: 36.14 | AE43: 18.21 | AF43: 6.23 | AG43: 18.49 | AH43: 8.21 | AI43: 18.49 | AJ43: >18 | AK43: >18 | AL43: >18 | AM43: =AVERAGE(AJ43:AL43) -> #DIV/0! | AN43: 0.5 | AO43: 18.5 | AP43: 466 | AQ43: 467 | AR43: 468 | AS43: 469 | AT43: 470 | AU43: 471 | AV43: 472 | AW43: 473 | AX43: 474 | AY43: 475 | AZ43: 374 | BA43: Eureka; Correct depth offset ~0.35 m
A44: 2 | B44: =LOOKUP($D44,Site_Meta!$C$2:$C$43,Site_Meta!A$2:A$43) -> Puerto Botes 15m | C44: =LOOKUP($D44,Site_Meta!$C$2:$C$43,Site_Meta!B$2:B$43) -> Isla Desecheo | D44: BOTE15 | E44: =LOOKUP($D44,Site_Meta!$C$2:$C$43,Site_Meta!D$2:D$43) -> Mona/Desecheo | F44: =LOOKUP($D44,Site_Meta!$C$2:$C$43,Site_Meta!E$2:E$43) -> W | G44: =LOOKUP($D44,Site_Meta!$C$2:$C$43,Site_Meta!F$2:F$43) -> 18.382 | H44: =LOOKUP($D44,Site_Meta!$C$2:$C$43,Site_Meta!G$2:G$43) -> -67.4883 | I44: =LOOKUP($D44,Site_Meta!$C$2:$C$43,Site_Meta!H$2:H$43) -> 15 | J44: 10 | K44: 23 | L44: 2023 | M44: =CONCATENATE(J44,"/",K44,"/",L44) -> 10/23/2023 | N44: Anibal | O44: Adiana | P44: Leira | R44: 0.42777778 | S44: 0.45 | T44: 30.21 | U44: 0.5 | V44: 35.21 | W44: 0.57 | X44: 6.36 | Y44: 0.55 | Z44: 8.17 | AA44: 0.57 | AB44: 30.13 | AC44: 15.91 | AD44: 36.03 | AE44: 15.86 | AF44: 6.21 | AG44: 15.91 | AH44: 8.21 | AI44: 15.91 | AJ44: >15 | AK44: >15 | AL44: >15 | AM44: =AVERAGE(AJ44:AL44) -> #DIV/0! | AN44: 0.5 | AO44: 15 | AP44: 532 | AQ44: 533 | AR44: 534 | AS44: 535 | AT44: 536 | AU44: 537 | AV44: 538 | AW44: 539 | AX44: 540 | AY44: 541 | AZ44: 433 | BA44: Eureka; Correct depth offset ~0.35 m
A45: 2 | B45: =LOOKUP($D45,Site_Meta!$C$2:$C$43,Site_Meta!A$2:A$43) -> Puerto Canoas 30m | C45: =LOOKUP($D45,Site_Meta!$C$2:$C$43,Site_Meta!B$2:B$43) -> Isla Desecheo | D45: CANO30 | E45: =LOOKUP($D45,Site_Meta!$C$2:$C$43,Site_Meta!D$2:D$43) -> Mona/Desecheo | F45: =LOOKUP($D45,Site_Meta!$C$2:$C$43,Site_Meta!E$2:E$43) -> W | G45: =LOOKUP($D45,Site_Meta!$C$2:$C$43,Site_Meta!F$2:F$43) -> 18.37747 | H45: =LOOKUP($D45,Site_Meta!$C$2:$C$43,Site_Meta!G$2:G$43) -> -67.484 | I45: =LOOKUP($D45,Site_Meta!$C$2:$C$43,Site_Meta!H$2:H$43) -> 30 | J45: 10 | K45: 23 | L45: 2023 | M45: =CONCATENATE(J45,"/",K45,"/",L45) -> 10/23/2023 | N45: Anibal | O45: Adiana | P45: Leira | R45: 0.45763889 | S45: 0.48333333 | T45: 30.25 | U45: 0.51 | V45: 36.05 | W45: 5 | X45: 6.33 | Y45: 0.56 | Z45: 8.2 | AA45: 0.52 | AB45: 30.19 | AC45: 26.61 | AD45: 36.05 | AE45: 26.65 | AF45: 6.22 | AG45: 26.52 | AH45: 8.22 | AI45: 26.67 | AJ45: >26.5 | AK45: >26.5 | AL45: >26.5 | AM45: =AVERAGE(AJ45:AL45) -> #DIV/0! | AN45: 0.5 | AO45: 26.5 | AP45: 521 | AQ45: 522 | AR45: 523 | AS45: 524 | AT45: 525 | AU45: 526 | AV45: 527 | AW45: 528 | AX45: 529 | AY45: 530 | AZ45: 542 | BA45: Eureka; Correct depth offset ~0.35 m
A46: 2 | B46: =LOOKUP($D46,Site_Meta!$C$2:$C$43,Site_Meta!A$2:A$43) -> Puerto Canoas 30m | C46: =LOOKUP($D46,Site_Meta!$C$2:$C$43,Site_Meta!B$2:B$43) -> Isla Desecheo | D46: CANO30-R | E46: =LOOKUP($D46,Site_Meta!$C$2:$C$43,Site_Meta!D$2:D$43) -> Mona/Desecheo | F46: =LOOKUP($D46,Site_Meta!$C$2:$C$43,Site_Meta!E$2:E$43) -> W | G46: =LOOKUP($D46,Site_Meta!$C$2:$C$43,Site_Meta!F$2:F$43) -> 18.37747 | H46: =LOOKUP($D46,Site_Meta!$C$2:$C$43,Site_Meta!G$2:G$43) -> -67.484 | I46: =LOOKUP($D46,Site_Meta!$C$2:$C$43,Site_Meta!H$2:H$43) -> 30 | J46: 10 | K46: 23 | L46: 2023 | M46: =CONCATENATE(J46,"/",K46,"/",L46) -> 10/23/2023 | N46: Anibal | O46: Adiana | P46: Leira | R46: 0.48472222 | S46: 0.50625 | T46: 30.27 | U46: 0.53 | V46: 35.94 | W46: 0.54 | X46: 6.36 | Y46: 0.54 | Z46: 8.2 | AA46: 0.51 | AB46: 30.18 | AC46: 29.26 | AD46: 36.06 | AE46: 28.96 | AF46: 6.25 | AG46: 29.3 | AH46: 8.22 | AI46: 29.11 | AJ46: >29 | AK46: >29 | AL46: >29 | AM46: =AVERAGE(AJ46:AL46) -> #DIV/0! | AN46: 0.5 | AO46: 29 | AP46: 510 | AQ46: 511 | AR46: 512 | AS46: 513 | AT46: 514 | AU46: 515 | AV46: 516 | AW46: 517 | AX46: 518 | AY46: 519 | AZ46: 399 | BA46: Eureka; Correct depth offset ~0.35 m
A47: 2 | B47: =LOOKUP($D47,Site_Meta!$C$2:$C$43,Site_Meta!A$2:A$43) -> Manchas Exteriores 10m | C47: =LOOKUP($D47,Site_Meta!$C$2:$C$43,Site_Meta!B$2:B$43) -> Mayaguez | D47: MEXT10 | E47: =LOOKUP($D47,Site_Meta!$C$2:$C$43,Site_Meta!D$2:D$43) -> West | F47: =LOOKUP($D47,Site_Meta!$C$2:$C$43,Site_Meta!E$2:E$43) -> W | G47: =LOOKUP($D47,Site_Meta!$C$2:$C$43,Site_Meta!F$2:F$43) -> 18.23353 | H47: =LOOKUP($D47,Site_Meta!$C$2:$C$43,Site_Meta!G$2:G$43) -> -67.2006 | I47: =LOOKUP($D47,Site_Meta!$C$2:$C$43,Site_Meta!H$2:H$43) -> 10 | J47: 10 | K47: 23 | L47: 2023 | M47: =CONCATENATE(J47,"/",K47,"/",L47) -> 10/23/2023 | N47: Anibal | O47: Adiana | P47: Leira | R47: 0.575 | S47: 0.60208333 | T47: 30.7 | U47: 0.51 | V47: 35.32 | W47: 0.51 | X47: 6.21 | Y47: 0.51 | Z47: 8.12 | AA47: 0.54 | AB47: 30.67 | AC47: 11.4 | AD47: 35.46 | AE47: 10.96 | AF47: 6.22 | AG47: 10.5 | AH47: 8.19 | AI47: 10.3 | AJ47: >10 | AK47: >10 | AL47: >10 | AM47: =AVERAGE(AJ47:AL47) -> #DIV/0! | AN47: 0.5 | AO47: 10 | AP47: 499 | AQ47: 500 | AR47: 501 | AS47: 502 | AT47: 503 | AU47: 504 | AV47: 505 | AW47: 506 | AX47: 507 | AY47: 508 | AZ47: 355 | BA47: Eureka; Correct depth offset ~0.35 m
A48: 2 | B48: =LOOKUP($D48,Site_Meta!$C$2:$C$43,Site_Meta!A$2:A$43) -> Tres Palmas 05m | C48: =LOOKUP($D48,Site_Meta!$C$2:$C$43,Site_Meta!B$2:B$43) -> Rincon | D48: TRES05 | E48: =LOOKUP($D48,Site_Meta!$C$2:$C$43,Site_Meta!D$2:D$43) -> West | F48: =LOOKUP($D48,Site_Meta!$C$2:$C$43,Site_Meta!E$2:E$43) -> W | G48: =LOOKUP($D48,Site_Meta!$C$2:$C$43,Site_Meta!F$2:F$43) -> 18.35072 | H48: =LOOKUP($D48,Site_Meta!$C$2:$C$43,Site_Meta!G$2:G$43) -> -67.2669 | I48: =LOOKUP($D48,Site_Meta!$C$2:$C$43,Site_Meta!H$2:H$43) -> 5 | J48: 10 | K48: 24 | L48: 2023 | M48: =CONCATENATE(J48,"/",K48,"/",L48) -> 10/24/2023 | N48: Anibal | O48: Adiana | P48: Erica | Q48: Manuel | R48: 0.38541667 | S48: 0.40277778 | T48: 30.28 | U48: 0.62 | V48: 35.24 | W48: 0.63 | X48: 6 | Y48: 0.68 | Z48: 8.16 | AA48: 0.7 | AB48: 30.29 | AC48: 4.5 | AD48: 35.31 | AE48: 4.3 | AF48: 6.01 | AG48: 4.33 | AH48: 8.19 | AI48: 4.28 | AJ48: >4.5 | AK48: >4.5 | AL48: >4.5 | AM48: =AVERAGE(AJ48:AL48) -> #DIV/0! | AN48: 0.5 | AO48: 4.5 | AP48: 543 | AQ48: 544 | AR48: 545 | AS48: 546 | AT48: 547 | AU48: 548 | AV48: 549 | AW48: 550 | AX48: 551 | AY48: 552 | AZ48: 587 | BA48: Eureka; Correct depth offset ~0.35 m
A49: 2 | B49: =LOOKUP($D49,Site_Meta!$C$2:$C$43,Site_Meta!A$2:A$43) -> Tres Palmas 10m | C49: =LOOKUP($D49,Site_Meta!$C$2:$C$43,Site_Meta!B$2:B$43) -> Rincon | D49: TRES10 | E49: =LOOKUP($D49,Site_Meta!$C$2:$C$43,Site_Meta!D$2:D$43) -> West | F49: =LOOKUP($D49,Site_Meta!$C$2:$C$43,Site_Meta!E$2:E$43) -> W | G49: =LOOKUP($D49,Site_Meta!$C$2:$C$43,Site_Meta!F$2:F$43) -> 18.34732 | H49: =LOOKUP($D49,Site_Meta!$C$2:$C$43,Site_Meta!G$2:G$43) -> -67.27 | I49: =LOOKUP($D49,Site_Meta!$C$2:$C$43,Site_Meta!H$2:H$43) -> 10 | J49: 10 | K49: 24 | L49: 2023 | M49: =CONCATENATE(J49,"/",K49,"/",L49) -> 10/24/2023 | N49: Anibal | O49: Adiana | P49: Erica | Q49: Manuel | R49: 0.40972222 | S49: 0.43055556 | T49: 30.43 | U49: 0.71 | V49: 35.22 | W49: 0.75 | X49: 6.23 | Y49: 0.68 | Z49: 8.19 | AA49: 0.73 | AB49: 30.43 | AC49: 9.86 | AD49: 35.35 | AE49: 9.91 | AF49: 6.14 | AG49: 9.84 | AH49: 8.2 | AI49: 9.59 | AJ49: >9.5 | AK49: >9.5 | AL49: >9.5 | AM49: =AVERAGE(AJ49:AL49) -> #DIV/0! | AN49: 0.5 | AO49: 9.5 | AP49: 554 | AQ49: 555 | AR49: 556 | AS49: 557 | AT49: 558 | AU49: 559 | AV49: 560 | AW49: 561 | AX49: 562 | AY49: 563 | AZ49: 377 | BA49: Eureka; Correct depth offset ~0.35 m
A50: 2 | B50: =LOOKUP($D50,Site_Meta!$C$2:$C$43,Site_Meta!A$2:A$43) -> Tres Palmas 20m | C50: =LOOKUP($D50,Site_Meta!$C$2:$C$43,Site_Meta!B$2:B$43) -> Rincon | D50: TRES20 | E50: =LOOKUP($D50,Site_Meta!$C$2:$C$43,Site_Meta!D$2:D$43) -> West | F50: =LOOKUP($D50,Site_Meta!$C$2:$C$43,Site_Meta!E$2:E$43) -> W | G50: =LOOKUP($D50,Site_Meta!$C$2:$C$43,Site_Meta!F$2:F$43) -> 18.34652 | H50: =LOOKUP($D50,Site_Meta!$C$2:$C$43,Site_Meta!G$2:G$43) -> -67.2712 | I50: =LOOKUP($D50,Site_Meta!$C$2:$C$43,Site_Meta!H$2:H$43) -> 20 | J50: 10 | K50: 24 | L50: 2023 | M50: =CONCATENATE(J50,"/",K50,"/",L50) -> 10/24/2023 | N50: Anibal | O50: Adiana | P50: Erica | Q50: Manuel | R50: 0.43541667 | S50: 0.45555556 | T50: 30.46 | U50: 0.79 | V50: 35.38 | W50: 0.77 | X50: 6.26 | Y50: 0.75 | Z50: 8.2 | AA50: 0.79 | AB50: 30.18 | AC50: 17.5 | AD50: 35.62 | AE50: 17.69 | AF50: 6.15 | AG50: 17.68 | AH50: 8.21 | AI50: 17.99 | AJ50: >17.5 | AK50: >17.5 | AL50: >17.5 | AM50: =AVERAGE(AJ50:AL50) -> #DIV/0! | AN50: 0.5 | AO50: 17.5 | AP50: 565 | AQ50: 566 | AR50: 567 | AS50: 568 | AT50: 569 | AU50: 570 | AV50: 571 | AW50: 572 | AX50: 573 | AY50: 574 | AZ50: 588 | BA50: Eureka; Correct depth offset ~0.35 m
A51: 2 | B51: =LOOKUP($D51,Site_Meta!$C$2:$C$43,Site_Meta!A$2:A$43) -> Manchas Exteriores 20m | C51: =LOOKUP($D51,Site_Meta!$C$2:$C$43,Site_Meta!B$2:B$43) -> Mayaguez | D51: MEXT20 | E51: =LOOKUP($D51,Site_Meta!$C$2:$C$43,Site_Meta!D$2:D$43) -> West | F51: =LOOKUP($D51,Site_Meta!$C$2:$C$43,Site_Meta!E$2:E$43) -> W | G51: =LOOKUP($D51,Site_Meta!$C$2:$C$43,Site_Meta!F$2:F$43) -> 18.2335 | H51: =LOOKUP($D51,Site_Meta!$C$2:$C$43,Site_Meta!G$2:G$43) -> -67.2009 | I51: =LOOKUP($D51,Site_Meta!$C$2:$C$43,Site_Meta!H$2:H$43) -> 20 | J51: 10 | K51: 24 | L51: 2023 | M51: =CONCATENATE(J51,"/",K51,"/",L51) -> 10/24/2023 | N51: Anibal | O51: Adiana | P51: Erica | Q51: Manuel | R51: 0.48194444 | S51: 0.50138889 | T51: 30.74 | U51: 0.84 | V51: 35.27 | W51: 0.8 | X51: 6.2 | Y51: 0.83 | Z51: 8.19 | AA51: 0.77 | AB51: 29.94 | AC51: 18.02 | AD51: 35.75 | AE51: 18.22 | AF51: 6.1 | AG51: 18.19 | AH51: 8.2 | AI51: 18.03 | AJ51: 11.25 | AK51: 11.25 | AL51: 10.75 | AM51: =AVERAGE(AJ51:AL51) -> 11.083333 | AN51: 0.5 | AO51: 18 | AP51: 576 | AQ51: 577 | AR51: 578 | AS51: 579 | AT51: 580 | AU51: 581 | AV51: 582 | AW51: 583 | AX51: 584 | AY51: 585 | AZ51: 388 | BA51: Eureka; Correct depth offset ~0.35 m
A52: 2 | B52: =LOOKUP($D52,Site_Meta!$C$2:$C$43,Site_Meta!A$2:A$43) -> El Negro 5m | C52: =LOOKUP($D52,Site_Meta!$C$2:$C$43,Site_Meta!B$2:B$43) -> Cabo Rojo | D52: NEGR05 | E52: =LOOKUP($D52,Site_Meta!$C$2:$C$43,Site_Meta!D$2:D$43) -> West | F52: =LOOKUP($D52,Site_Meta!$C$2:$C$43,Site_Meta!E$2:E$43) -> W | G52: =LOOKUP($D52,Site_Meta!$C$2:$C$43,Site_Meta!F$2:F$43) -> 18.14658 | H52: =LOOKUP($D52,Site_Meta!$C$2:$C$43,Site_Meta!G$2:G$43) -> -67.2476 | I52: =LOOKUP($D52,Site_Meta!$C$2:$C$43,Site_Meta!H$2:H$43) -> 5 | J52: 10 | K52: 25 | L52: 2023 | M52: =CONCATENATE(J52,"/",K52,"/",L52) -> 10/25/2023 | N52: Orlando | O52: Adiana | P52: Manuel | R52: 0.325 | S52: 0.34166667 | T52: 30.36 | U52: 0.5 | V52: 35.41 | W52: 0.5 | X52: 5.85 | Y52: 0.51 | Z52: 8.16 | AA52: 0.6 | AB52: 30.2 | AC52: 7.52 | AD52: 35.62 | AE52: 7.23 | AF52: 5.9 | AG52: 7.09 | AH52: 8.18 | AI52: 7.7 | AJ52: >7.5 | AK52: >7.5 | AL52: >7.5 | AM52: =AVERAGE(AJ52:AL52) -> #DIV/0! | AN52: 0.5 | AO52: 7.5 | AP52: 477 | AQ52: 478 | AR52: 479 | AS52: 480 | AT52: 481 | AU52: 482 | AV52: 483 | AW52: 484 | AX52: 485 | AY52: 486 | AZ52: 575 | BA52: Eureka
A53: 2 | B53: =LOOKUP($D53,Site_Meta!$C$2:$C$43,Site_Meta!A$2:A$43) -> El Negro 10m | C53: =LOOKUP($D53,Site_Meta!$C$2:$C$43,Site_Meta!B$2:B$43) -> Cabo Rojo | D53: NEGR10 | E53: =LOOKUP($D53,Site_Meta!$C$2:$C$43,Site_Meta!D$2:D$43) -> West | F53: =LOOKUP($D53,Site_Meta!$C$2:$C$43,Site_Meta!E$2:E$43) -> W | G53: =LOOKUP($D53,Site_Meta!$C$2:$C$43,Site_Meta!F$2:F$43) -> 18.14653 | H53: =LOOKUP($D53,Site_Meta!$C$2:$C$43,Site_Meta!G$2:G$43) -> -67.248 | I53: =LOOKUP($D53,Site_Meta!$C$2:$C$43,Site_Meta!H$2:H$43) -> 10 | J53: 10 | K53: 25 | L53: 2023 | M53: =CONCATENATE(J53,"/",K53,"/",L53) -> 10/25/2023 | N53: Orlando | O53: Adiana | P53: Manuel | R53: 0.34722222 | S53: 0.36319444 | T53: 30.32 | U53: 0.54 | V53: 35.42 | W53: 0.47 | X53: 6.2 | Y53: 0.45 | Z53: 8.16 | AA53: 0.47 | AB53: 29.91 | AC53: 17.83 | AD53: 35.34 | AE53: 18.16 | AF53: 6.02 | AG53: 18.12 | AH53: 8.2 | AI53: 18.25 | AJ53: 10 | AK53: 10 | AL53: 10 | AM53: =AVERAGE(AJ53:AL53) -> 10 | AN53: 0.5 | AO53: 18 | AP53: 609 | AQ53: 610 | AR53: 611 | AS53: 612 | AT53: 613 | AU53: 614 | AV53: 615 | AW53: 616 | AX53: 617 | AY53: 618 | AZ53: 564 | BA53: Eureka
A54: 2 | B54: =LOOKUP($D54,Site_Meta!$C$2:$C$43,Site_Meta!A$2:A$43) -> Guanajibo 20m | C54: =LOOKUP($D54,Site_Meta!$C$2:$C$43,Site_Meta!B$2:B$43) -> Mayaguez | D54: GUAN20 | E54: =LOOKUP($D54,Site_Meta!$C$2:$C$43,Site_Meta!D$2:D$43) -> West | F54: =LOOKUP($D54,Site_Meta!$C$2:$C$43,Site_Meta!E$2:E$43) -> W | G54: =LOOKUP($D54,Site_Meta!$C$2:$C$43,Site_Meta!F$2:F$43) -> 18.17202 | H54: =LOOKUP($D54,Site_Meta!$C$2:$C$43,Site_Meta!G$2:G$43) -> -67.253 | I54: =LOOKUP($D54,Site_Meta!$C$2:$C$43,Site_Meta!H$2:H$43) -> 20 | J54: 10 | K54: 25 | L54: 2023 | M54: =CONCATENATE(J54,"/",K54,"/",L54) -> 10/25/2023 | N54: Orlando | O54: Adiana | P54: Manuel | R54: 0.37569444 | S54: 0.39444444 | T54: 30.34 | U54: 0.61 | V54: 35.35 | W54: 0.53 | X54: 6.14 | Y54: 0.51 | Z54: 8.19 | AA54: 0.51 | AB54: 29.98 | AC54: 15.84 | AD54: 35.78 | AE54: 15.89 | AF54: 6.08 | AG54: 16.06 | AH54: 8.21 | AI54: 15.74 | AJ54: >16 | AK54: >16 | AL54: >16 | AM54: =AVERAGE(AJ54:AL54) -> #DIV/0! | AN54: 0.5 | AO54: 18 | AP54: 587 | AQ54: 588 | AR54: 589 | AS54: 590 | AT54: 591 | AU54: 592 | AV54: 593 | AW54: 594 | AX54: 595 | AY54: 596 | AZ54: 586 | BA54: Eureka
A55: 2 | B55: =LOOKUP($D55,Site_Meta!$C$2:$C$43,Site_Meta!A$2:A$43) -> Cayo Rodriguez 5m | C55: =LOOKUP($D55,Site_Meta!$C$2:$C$43,Site_Meta!B$2:B$43) -> Mayaguez | D55: RODR05 | E55: =LOOKUP($D55,Site_Meta!$C$2:$C$43,Site_Meta!D$2:D$43) -> West | F55: =LOOKUP($D55,Site_Meta!$C$2:$C$43,Site_Meta!E$2:E$43) -> W | G55: =LOOKUP($D55,Site_Meta!$C$2:$C$43,Site_Meta!F$2:F$43) -> 18.1893 | H55: =LOOKUP($D55,Site_Meta!$C$2:$C$43,Site_Meta!G$2:G$43) -> -67.1919 | I55: =LOOKUP($D55,Site_Meta!$C$2:$C$43,Site_Meta!H$2:H$43) -> 5 | J55: 10 | K55: 25 | L55: 2023 | M55: =CONCATENATE(J55,"/",K55,"/",L55) -> 10/25/2023 | N55: Orlando | O55: Adiana | P55: Manuel | R55: 0.41319444 | S55: 0.42569444 | T55: 30.53 | U55: 0.63 | V55: 35.17 | W55: 0.64 | X55: 5.98 | Y55: 0.56 | Z55: 8.11 | AA55: 0.7 | AB55: 30.49 | AC55: 9.74 | AD55: 35.4 | AE55: 9.64 | AF55: 5.72 | AG55: 9.77 | AH55: 8.17 | AI55: 9.8 | AJ55: 5.25 | AK55: 5.25 | AL55: 5.25 | AM55: =AVERAGE(AJ55:AL55) -> 5.25 | AN55: 0.5 | AO55: 9.5 | AP55: 367 | AQ55: 368 | AR55: 369 | AS55: 370 | AT55: 371 | AU55: 372 | AV55: 373 | AW55: 374 | AX55: 375 | AY55: 376 | AZ55: 553 | BA55: Eureka
A56: 2 | B56: =LOOKUP($D56,Site_Meta!$C$2:$C$43,Site_Meta!A$2:A$43) -> #N/A | C56: =LOOKUP($D56,Site_Meta!$C$2:$C$43,Site_Meta!B$2:B$43) -> #N/A | E56: =LOOKUP($D56,Site_Meta!$C$2:$C$43,Site_Meta!D$2:D$43) -> #N/A | F56: =LOOKUP($D56,Site_Meta!$C$2:$C$43,Site_Meta!E$2:E$43) -> #N/A | G56: =LOOKUP($D56,Site_Meta!$C$2:$C$43,Site_Meta!F$2:F$43) -> #N/A | H56: =LOOKUP($D56,Site_Meta!$C$2:$C$43,Site_Meta!G$2:G$43) -> #N/A | I56: =LOOKUP($D56,Site_Meta!$C$2:$C$43,Site_Meta!H$2:H$43) -> #N/A | M56: =CONCATENATE(J56,"/",K56,"/",L56) -> // | AM56: =AVERAGE(AJ56:AL56) -> #DIV/0!
A57: 2 | B57: =LOOKUP($D57,Site_Meta!$C$2:$C$43,Site_Meta!A$2:A$43) -> #N/A | C57: =LOOKUP($D57,Site_Meta!$C$2:$C$43,Site_Meta!B$2:B$43) -> #N/A | E57: =LOOKUP($D57,Site_Meta!$C$2:$C$43,Site_Meta!D$2:D$43) -> #N/A | F57: =LOOKUP($D57,Site_Meta!$C$2:$C$43,Site_Meta!E$2:E$43) -> #N/A | G57: =LOOKUP($D57,Site_Meta!$C$2:$C$43,Site_Meta!F$2:F$43) -> #N/A | H57: =LOOKUP($D57,Site_Meta!$C$2:$C$43,Site_Meta!G$2:G$43) -> #N/A | I57: =LOOKUP($D57,Site_Meta!$C$2:$C$43,Site_Meta!H$2:H$43) -> #N/A | M57: =CONCATENATE(J57,"/",K57,"/",L57) -> // | AM57: =AVERAGE(AJ57:AL57) -> #DIV/0!
A58: 2 | B58: =LOOKUP($D58,Site_Meta!$C$2:$C$43,Site_Meta!A$2:A$43) -> #N/A | C58: =LOOKUP($D58,Site_Meta!$C$2:$C$43,Site_Meta!B$2:B$43) -> #N/A | E58: =LOOKUP($D58,Site_Meta!$C$2:$C$43,Site_Meta!D$2:D$43) -> #N/A | F58: =LOOKUP($D58,Site_Meta!$C$2:$C$43,Site_Meta!E$2:E$43) -> #N/A | G58: =LOOKUP($D58,Site_Meta!$C$2:$C$43,Site_Meta!F$2:F$43) -> #N/A | H58: =LOOKUP($D58,Site_Meta!$C$2:$C$43,Site_Meta!G$2:G$43) -> #N/A | I58: =LOOKUP($D58,Site_Meta!$C$2:$C$43,Site_Meta!H$2:H$43) -> #N/A | M58: =CONCATENATE(J58,"/",K58,"/",L58) -> // | AM58: =AVERAGE(AJ58:AL58) -> #DIV/0!
A59: 2 | B59: =LOOKUP($D59,Site_Meta!$C$2:$C$43,Site_Meta!A$2:A$43) -> #N/A | C59: =LOOKUP($D59,Site_Meta!$C$2:$C$43,Site_Meta!B$2:B$43) -> #N/A | E59: =LOOKUP($D59,Site_Meta!$C$2:$C$43,Site_Meta!D$2:D$43) -> #N/A | F59: =LOOKUP($D59,Site_Meta!$C$2:$C$43,Site_Meta!E$2:E$43) -> #N/A | G59: =LOOKUP($D59,Site_Meta!$C$2:$C$43,Site_Meta!F$2:F$43) -> #N/A | H59: =LOOKUP($D59,Site_Meta!$C$2:$C$43,Site_Meta!G$2:G$43) -> #N/A | I59: =LOOKUP($D59,Site_Meta!$C$2:$C$43,Site_Meta!H$2:H$43) -> #N/A | M59: =CONCATENATE(J59,"/",K59,"/",L59) -> // | AM59: =AVERAGE(AJ59:AL59) -> #DIV/0!
A60: 2 | B60: =LOOKUP($D60,Site_Meta!$C$2:$C$43,Site_Meta!A$2:A$43) -> #N/A | C60: =LOOKUP($D60,Site_Meta!$C$2:$C$43,Site_Meta!B$2:B$43) -> #N/A | E60: =LOOKUP($D60,Site_Meta!$C$2:$C$43,Site_Meta!D$2:D$43) -> #N/A | F60: =LOOKUP($D60,Site_Meta!$C$2:$C$43,Site_Meta!E$2:E$43) -> #N/A | G60: =LOOKUP($D60,Site_Meta!$C$2:$C$43,Site_Meta!F$2:F$43) -> #N/A | H60: =LOOKUP($D60,Site_Meta!$C$2:$C$43,Site_Meta!G$2:G$43) -> #N/A | I60: =LOOKUP($D60,Site_Meta!$C$2:$C$43,Site_Meta!H$2:H$43) -> #N/A | M60: =CONCATENATE(J60,"/",K60,"/",L60) -> // | AM60: =AVERAGE(AJ60:AL60) -> #DIV/0!
A61: 2 | B61: =LOOKUP($D61,Site_Meta!$C$2:$C$43,Site_Meta!A$2:A$43) -> #N/A | C61: =LOOKUP($D61,Site_Meta!$C$2:$C$43,Site_Meta!B$2:B$43) -> #N/A | E61: =LOOKUP($D61,Site_Meta!$C$2:$C$43,Site_Meta!D$2:D$43) -> #N/A | F61: =LOOKUP($D61,Site_Meta!$C$2:$C$43,Site_Meta!E$2:E$43) -> #N/A | G61: =LOOKUP($D61,Site_Meta!$C$2:$C$43,Site_Meta!F$2:F$43) -> #N/A | H61: =LOOKUP($D61,Site_Meta!$C$2:$C$43,Site_Meta!G$2:G$43) -> #N/A | I61: =LOOKUP($D61,Site_Meta!$C$2:$C$43,Site_Meta!H$2:H$43) -> #N/A | M61: =CONCATENATE(J61,"/",K61,"/",L61) -> // | AM61: =AVERAGE(AJ61:AL61) -> #DIV/0!
A62: 2 | B62: =LOOKUP($D62,Site_Meta!$C$2:$C$43,Site_Meta!A$2:A$43) -> #N/A | C62: =LOOKUP($D62,Site_Meta!$C$2:$C$43,Site_Meta!B$2:B$43) -> #N/A | E62: =LOOKUP($D62,Site_Meta!$C$2:$C$43,Site_Meta!D$2:D$43) -> #N/A | F62: =LOOKUP($D62,Site_Meta!$C$2:$C$43,Site_Meta!E$2:E$43) -> #N/A | G62: =LOOKUP($D62,Site_Meta!$C$2:$C$43,Site_Meta!F$2:F$43) -> #N/A | H62: =LOOKUP($D62,Site_Meta!$C$2:$C$43,Site_Meta!G$2:G$43) -> #N/A | I62: =LOOKUP($D62,Site_Meta!$C$2:$C$43,Site_Meta!H$2:H$43) -> #N/A | M62: =CONCATENATE(J62,"/",K62,"/",L62) -> // | AM62: =AVERAGE(AJ62:AL62) -> #DIV/0!
A63: 2 | B63: =LOOKUP($D63,Site_Meta!$C$2:$C$43,Site_Meta!A$2:A$43) -> #N/A | C63: =LOOKUP($D63,Site_Meta!$C$2:$C$43,Site_Meta!B$2:B$43) -> #N/A | E63: =LOOKUP($D63,Site_Meta!$C$2:$C$43,Site_Meta!D$2:D$43) -> #N/A | F63: =LOOKUP($D63,Site_Meta!$C$2:$C$43,Site_Meta!E$2:E$43) -> #N/A | G63: =LOOKUP($D63,Site_Meta!$C$2:$C$43,Site_Meta!F$2:F$43) -> #N/A | H63: =LOOKUP($D63,Site_Meta!$C$2:$C$43,Site_Meta!G$2:G$43) -> #N/A | I63: =LOOKUP($D63,Site_Meta!$C$2:$C$43,Site_Meta!H$2:H$43) -> #N/A | M63: =CONCATENATE(J63,"/",K63,"/",L63) -> // | AM63: =AVERAGE(AJ63:AL63) -> #DIV/0!
A64: 2 | B64: =LOOKUP($D64,Site_Meta!$C$2:$C$43,Site_Meta!A$2:A$43) -> #N/A | C64: =LOOKUP($D64,Site_Meta!$C$2:$C$43,Site_Meta!B$2:B$43) -> #N/A | E64: =LOOKUP($D64,Site_Meta!$C$2:$C$43,Site_Meta!D$2:D$43) -> #N/A | F64: =LOOKUP($D64,Site_Meta!$C$2:$C$43,Site_Meta!E$2:E$43) -> #N/A | G64: =LOOKUP($D64,Site_Meta!$C$2:$C$43,Site_Meta!F$2:F$43) -> #N/A | H64: =LOOKUP($D64,Site_Meta!$C$2:$C$43,Site_Meta!G$2:G$43) -> #N/A | I64: =LOOKUP($D64,Site_Meta!$C$2:$C$43,Site_Meta!H$2:H$43) -> #N/A | M64: =CONCATENATE(J64,"/",K64,"/",L64) -> // | AM64: =AVERAGE(AJ64:AL64) -> #DIV/0!
A65: 2 | B65: =LOOKUP($D65,Site_Meta!$C$2:$C$43,Site_Meta!A$2:A$43) -> #N/A | C65: =LOOKUP($D65,Site_Meta!$C$2:$C$43,Site_Meta!B$2:B$43) -> #N/A | E65: =LOOKUP($D65,Site_Meta!$C$2:$C$43,Site_Meta!D$2:D$43) -> #N/A | F65: =LOOKUP($D65,Site_Meta!$C$2:$C$43,Site_Meta!E$2:E$43) -> #N/A | G65: =LOOKUP($D65,Site_Meta!$C$2:$C$43,Site_Meta!F$2:F$43) -> #N/A | H65: =LOOKUP($D65,Site_Meta!$C$2:$C$43,Site_Meta!G$2:G$43) -> #N/A | I65: =LOOKUP($D65,Site_Meta!$C$2:$C$43,Site_Meta!H$2:H$43) -> #N/A | M65: =CONCATENATE(J65,"/",K65,"/",L65) -> // | AM65: =AVERAGE(AJ65:AL65) -> #DIV/0!
A66: 2 | B66: =LOOKUP($D66,Site_Meta!$C$2:$C$43,Site_Meta!A$2:A$43) -> #N/A | C66: =LOOKUP($D66,Site_Meta!$C$2:$C$43,Site_Meta!B$2:B$43) -> #N/A | E66: =LOOKUP($D66,Site_Meta!$C$2:$C$43,Site_Meta!D$2:D$43) -> #N/A | F66: =LOOKUP($D66,Site_Meta!$C$2:$C$43,Site_Meta!E$2:E$43) -> #N/A | G66: =LOOKUP($D66,Site_Meta!$C$2:$C$43,Site_Meta!F$2:F$43) -> #N/A | H66: =LOOKUP($D66,Site_Meta!$C$2:$C$43,Site_Meta!G$2:G$43) -> #N/A | I66: =LOOKUP($D66,Site_Meta!$C$2:$C$43,Site_Meta!H$2:H$43) -> #N/A | M66: =CONCATENATE(J66,"/",K66,"/",L66) -> // | AM66: =AVERAGE(AJ66:AL66) -> #DIV/0!
A67: 2 | B67: =LOOKUP($D67,Site_Meta!$C$2:$C$43,Site_Meta!A$2:A$43) -> #N/A | C67: =LOOKUP($D67,Site_Meta!$C$2:$C$43,Site_Meta!B$2:B$43) -> #N/A | E67: =LOOKUP($D67,Site_Meta!$C$2:$C$43,Site_Meta!D$2:D$43) -> #N/A | F67: =LOOKUP($D67,Site_Meta!$C$2:$C$43,Site_Meta!E$2:E$43) -> #N/A | G67: =LOOKUP($D67,Site_Meta!$C$2:$C$43,Site_Meta!F$2:F$43) -> #N/A | H67: =LOOKUP($D67,Site_Meta!$C$2:$C$43,Site_Meta!G$2:G$43) -> #N/A | I67: =LOOKUP($D67,Site_Meta!$C$2:$C$43,Site_Meta!H$2:H$43) -> #N/A | M67: =CONCATENATE(J67,"/",K67,"/",L67) -> // | AM67: =AVERAGE(AJ67:AL67) -> #DIV/0!
... A96: 2 | B96: =LOOKUP($D96,Site_Meta!$C$2:$C$43,Site_Meta!A$2:A$43) -> #N/A | C96: =LOOKUP($D96,Site_Meta!$C$2:$C$43,Site_Meta!B$2:B$43) -> #N/A | E96: =LOOKUP($D96,Site_Meta!$C$2:$C$43,Site_Meta!D$2:D$43) -> #N/A | F96: =LOOKUP($D96,Site_Meta!$C$2:$C$43,Site_Meta!E$2:E$43) -> #N/A | G96: =LOOKUP($D96,Site_Meta!$C$2:$C$43,Site_Meta!F$2:F$43) -> #N/A | H96: =LOOKUP($D96,Site_Meta!$C$2:$C$43,Site_Meta!G$2:G$43) -> #N/A | I96: =LOOKUP($D96,Site_Meta!$C$2:$C$43,Site_Meta!H$2:H$43) -> #N/A | M96: =CONCATENATE(J96,"/",K96,"/",L96) -> // | AM96: =AVERAGE(AJ96:AL96) -> #DIV/0!

Sheet Data_Stats
A1: Sampling_Cycle | B1: Site_Name | C1: Location | D1: Site_Code | E1: Surface_Van_Dorn_Depth_m | F1: Bottom_Van_Dorn_Depth_m | G1: Region | H1: Zone | I1: Latitude | J1: Longitude | K1: Depth | L1: Month | M1: Day | N1: Year | O1: Date | P1: Captain | Q1: Crew_1 | R1: Crew_2 | S1: Crew_3 | T1: Time_In | U1: Time_Out | V1: Surface_Temp_C | W1: Surface_Sal_psu | X1: Surface_DO_mg_L | Y1: Surface_pH | Z1: Bottom_Temp_C | AA1: Bottom_Sal_psu | AB1: Bottom_DO_mg_L | AC1: Bottom_pH | AD1: Secchi_Depth_mean_m | AE1: TSS_mg_L | AF1: Enterococcus_MPN | AG1: SS_ml_L | AH1: Surface_BOD_ml_L | AI1: Bottom_BOD_ml_L | AJ1: Chl_a_µg_L | AK1: Turbidity_NTU | AL1: Surface_TA_uM | AM1: Bottom_TA_uM | AN1: Surface_DIC_uM | AO1: Bottom_DIC_uM | AP1: TKN (mg/L) | AQ1: NOx (mg/L) | AR1: PO4 (mg/L) | AS1: Count | AT1: Count NA | AU1: Data Points | AV1: Sampling % | AX1: Sampling % | AY1: Count | AZ1: >= 91% | BA1: <91 %
AX2: 0.91304348 | AY2: 18 | AZ2: 38 | BA2: 4
AX3: 1 | AY3: 15 | AZ3: 90.47619 | BA3: 9.5238095
AX4: 0.95652174 | AY4: 2
AX5: 0.86956522 | AY5: 1
AX6: 0.82608696 | AY6: 3
AX7: 0.65217391 | AY7: 2
AX8: 0.60869565 | AY8: 1
AX9: 0.34782609 | AY9: 3
A48: 1
A49: 1
A50: 1
A51: 1
A52: 1
AX69: 0.65217391 | AY69: 2

Sheet Table 1
B2: Parameter | C2: Method | D2: Depth of Measurement | E2: Holding Time (hr) | F2: Accuracy | G2: Precision
B3: Temperature (°C) | C3: SM 2550 B | D3: S+B | E3: N/A | F3: ± 0.1 | G3: <20%
B4: Salinity (psu) | C4: SM 2520 B | D4: S+B | E4: N/A | F4: ± 0.50 | G4: <20%
B5: DO (mg/L) | C5: SM 4500-O H | D5: S+B | E5: N/A | F5: ± 0.2 | G5: <20%
B6: pH | C6: EPA 150.2 | D6: S+B | E6: N/A | F6: ± 0.002 | G6: <10%
B7: Secchi Depth (m) | C7: Secchi Disk | D7: NA | E7: N/A | F7: ± 20% | G7: <20%
B8: BOD (mg/L) | C8: SM 5210 B | D8: S+B | E8: 48 | F8: ± 0.2 | G8: <20%
B9: TA (µmol/kg) | C9: Dickson et al., 2007 | D9: S+B | E9: 672 | F9: ± 3 | G9: <20%
B10: DIC (µmol/kg) | C10: Dickson et al., 2007 | D10: S+B | E10: 672 | F10: ± 3 | G10: <20%
B11: Chlorophyll-a (µg/L) | C11: SM 10200 H | D11: B | E11: 24 | F11: N/A | G11: <20%
B12: Enterococcus (MPN) | C12: SM 9230 B/C/D | D12: B | E12: < 8 | F12: N/A | G12: <60%
B13: Turbidity (NTU) | C13: EPA 180.1 | D13: B | E13: 48 | F13: ± 20% | G13: <20%
B14: Settleable Solids (mg/L) | C14: SM 2540-F | D14: B | E14: 48 | F14: ±20% | G14: <20%
B15: TSS (mg/L) | C15: SM 2540-D | D15: B | E15: 48 | F15: ± 5 | G15: <20%
B16: TP (mg/L) | C16: EPA 365.4 | D16: B | E16: 672 | F16: ± 0.05 | G16: <20%
B17: TKN (mg/L) | C17: EPA 351.21 | D17: B | E17: 672 | F17: ± 0.5 | G17: <20%
B18: Nitrate + Nitrite (mg/L) | C18: EPA 353.2 | D18: B | E18: 672 | F18: ± 0.05 | G18: <20%

Sheet Table 2_Sampling_Stats
A1: Site_Name | B1: Site_Code | C1: Latitude | D1: Longitude | E1: Date | F1: Data Points | G1: Sampling % | I1: List | J1: Count | K1: > 91-100% | L1: <91%
A2: Cayo Aurora 5m | B2: AURO05 | C2: 17.9369 | D2: -66.8738
A3: Puerto Botes 15m | B3: BOTE15 | C3: 18.382 | D3: -67.4883
A4: Puerto Botes 20m | B4: BOTE20 | C4: 18.38158 | D4: -67.4886
A5: Boya Vieja 20m | B5: BOYA20 | C5: 17.88827 | D5: -66.9978
A6: Cabezas de San Juan 5m | B6: CABE05 | C6: 18.38544 | D6: -65.6297
A7: Canjilones 15m | B7: CANJ15 | C7: 18.08964 | D7: -65.5901
A8: Puerto Canoas 30m | B8: CANO30 | C8: 18.37747 | D8: -67.484
A9: Cayo Caribes 10m | B9: CARI10 | C9: 17.91533 | D9: -66.2141
A10: West Reef 10m | B10: CDMU10 | C10: 17.89502 | D10: -66.5284
A11: Cibuco 5m | B11: CIBU05 | C11: 18.48955 | D11: -66.3736
A12: Cayo Coral 10m | B12: CORA10 | C12: 17.9362 | D12: -66.8884
A13: Carlos Rosario 10m | B13: CROS10 | C13: 18.32779 | D13: -65.332
... A46: Tres Palmas 20m | B46: TRES20 | C46: 18.34652 | D46: -67.2712
A47: Replicates
A48: Canjilones 15m | B48: CANJ15-R | C48: 18.08964 | D48: -65.5901
A49: Cibuco 5m | B49: CIBU05-R | C49: 18.48955 | D49: -66.3736
A50: Derrumbadero 20m | B50: DERR20-R | C50: 17.904 | D50: -66.6086
A51: Dominos 5m | B51: DOMI05-R | C51: 18.46222 | D51: -66.0517
A52: Cayo Ratones 5m | B52: RATO05-R | C52: 17.9346 | D52: -66.3025

Sheet Table 3_HydroLab QAQC
A1: Parameter | B1: Accuracy | C1: Precision
A2: Surface Temp (°C) | B2: ± 0.1 | C2: <20%
A3: Surface Sal (psu) | B3: ± 0.50 | C3: <20%
A4: Surface DO (mg/L) | B4: ± 0.2 | C4: <20%
A5: Surface pH | B5: ± 0.10 | C5: <10%
A6: Bottom Temp (°C) | B6: ± 0.1 | C6: <20%
A7: Bottom Sal (psu) | B7: ± 0.50 | C7: <20%
A8: Bottom DO (mg/L)) | B8: ± 0.2 | C8: <20%
A9: Bottom pH | B9: ± 0.10 | C9: <10%
A10: Secchi Depth (m) | B10: ± 20% | C10: <20%
A11: Surface BOD (mg/L) | B11: ± 0.2 | C11: <20%
A12: Bottom BOD (mg/L) | B12: ± 0.2 | C12: <20%
... A24: Nitrate + Nitrite (mg/L) | B24: ± 0.05 | C24: <20%

Sheet Table 4
A1: Parameter | B1: Data Points | C1: % | D1: < limit | E1: % < limit | F1: Min | G1: Max | H1: Average | I1: SD
A2: Surface Temp (°C)
A3: Surface Sal (psu)
A4: Surface DO (mg/L)
A5: Surface pH
A6: Bottom Temp (°C)
A7: Bottom Sal (psu)
A8: Bottom DO (mg/L)
A9: Bottom pH
A10: Secchi Depth (m)
A11: Surface BOD (mg/L)
A12: Bottom BOD (mg/L)
A13: Surface TA (umol/kg)
... A26: * Updated by removing NA HydroLab data for TRES; stats do not include replicates

Sheet PRCRMP_dates_vs_CCRI
A1: Station | B1: DNER_date | C1: CCRI_date | D1: Difference _days | E1: Difference_weeks
A2: AURO05
A3: BOTE15 | D3: =ABS(B3-C3) -> 0
A4: BOTE20 | D4: =ABS(B4-C4) -> 0
A5: BOYA20
A6: CABE05 | D6: =ABS(B6-C6) -> 0
A7: CANJ15 | D7: =ABS(B7-C7) -> 0
A8: CANO30 | D8: =ABS(B8-C8) -> 0
A9: CARI10
A10: CDMU10
A11: CIBU05 | D11: =ABS(B11-C11) -> 0
A12: CORA10
A13: CROS10 | D13: =ABS(B13-C13) -> 0
A14: DAKI20 | D14: =ABS(B14-C14) -> 0
A15: DERR20
A16: DIAB05 | D16: =ABS(B16-C16) -> 0
A17: DOMI05 | D17: =ABS(B17-C17) -> 0
A18: ESPE10 | D18: =ABS(B18-C18) -> 0
A19: EWAL20
A20: GALL05
A21: GUAN20
A22: LPEN05 | D22: =ABS(B22-C22) -> 0
A23: MEXT10
A24: MEXT20
A25: MLAN05
A26: MLAN10
A27: MLAN20
A28: MLUN05
A29: MLUN10
A30: NEGR05
A31: NEGR10
A32: PALN20 | D32: =ABS(B32-C32) -> 0
A33: PALT10 | D33: =ABS(B33-C33) -> 0
A34: RATO05
A35: RESU10
A36: RODR05
A37: SECO30 | D37: =ABS(B37-C37) -> 0
A38: TOUR10 | D38: =ABS(B38-C38) -> 0
A39: TOUR20 | D39: =ABS(B39-C39) -> 0
A40: TOUR30 | D40: =ABS(B40-C40) -> 0
A41: TRES05 | D41: =ABS(B41-C41) -> 0
A42: TRES10 | D42: =ABS(B42-C42) -> 0
A43: TRES20 | D43: =ABS(B43-C43) -> 0
A44: Total | B44: =COUNT(B2:B43) -> 0 | C44: =COUNT(C2:C43) -> 0

Sheet PRCRMP_dates_CCRI_stats
B1: Alongside_DNER | C1: %_alongside_DNER | D1: Of_Global_%
A2: 1 week
A3: 3 weeks
A4: >3 weeks
A5: Total

Sheet Site_Meta
A1: Site_Name | B1: Location | C1: Site_Code | D1: Region | E1: Zone | F1: Latitude | G1: Longitude | H1: Depth
A2: Cayo Aurora 5m | B2: Guanica | C2: AURO05 | D2: Southwest | E2: SW | F2: 17.9369 | G2: -66.8738 | H2: 5
A3: Puerto Botes 15m | B3: Isla Desecheo | C3: BOTE15 | D3: Mona/Desecheo | E3: W | F3: 18.382 | G3: -67.4883 | H3: 15
A4: Puerto Botes 20m | B4: Isla Desecheo | C4: BOTE20 | D4: Mona/Desecheo | E4: W | F4: 18.38158 | G4: -67.4886 | H4: 20
A5: Boya Vieja 20m | B5: La Parguera | C5: BOYA20 | D5: Southwest | E5: SW | F5: 17.88827 | G5: -66.9978 | H5: 20
A6: Cabezas de San Juan 5m | B6: Fajardo | C6: CABE05 | D6: North/Northeast | E6: E | F6: 18.38544 | G6: -65.6297 | H6: 5
A7: Canjilones 15m | B7: Isla Vieques | C7: CANJ15 | D7: Vieques/Culebra | E7: E | F7: 18.08964 | G7: -65.5901 | H7: 15
A8: Puerto Canoas 30m | B8: Isla Desecheo | C8: CANO30 | D8: Mona/Desecheo | E8: W | F8: 18.37747 | G8: -67.484 | H8: 30
A9: Cayo Caribes 10m | B9: Salinas | C9: CARI10 | D9: Southeast | E9: S | F9: 17.91533 | G9: -66.2141 | H9: 10
A10: West Reef 10m | B10: Ponce | C10: CDMU10 | D10: South | E10: S | F10: 17.89502 | G10: -66.5284 | H10: 10
A11: Cibuco 05m | B11: Vega Baja | C11: CIBU05 | D11: North/Northeast | E11: N | F11: 18.48955 | G11: -66.3736 | H11: 10
A12: Cayo Coral 10m | B12: Guanica | C12: CORA10 | D12: Southwest | E12: SW | F12: 17.9362 | G12: -66.8884 | H12: 10
A13: Carlos Rosario 10m | B13: Isla Culebra | C13: CROS10 | D13: Vieques/Culebra | E13: E | F13: 18.32779 | G13: -65.332 | H13: 10
... A43: Tres Palmas 20m | B43: Rincon | C43: TRES20 | D43: West | E43: W | F43: 18.34652 | G43: -67.2712 | H43: 20
